tweet,emoji
"sjokz maam we love you, but please... don't do that.",ğŸ˜œ
glasgowman yea that kast boss kicking my coffee over lol but i have to admit it's bloody fun,ğŸ˜œ
alexdnz yikes!,ğŸ˜œ
needle_of_arya davitydave hopeformaybe noxiloveschichi why do hydrogen bonds even matter? q thinks ice should sink and our dna can split in two spontaneously.,ğŸ˜œ
i can't help thinking that today's ride would have been less gruelling if the rear brake wasn't rubbing!,ğŸ˜œ
prettywoman666 in love with bb,ğŸ˜œ
"perfectlyme321 you got exactly what i was talking about then great minds .. only thing, i don't need two hands to do it looks like you've been spoiled",ğŸ˜œ
chin80 no all bnpl are same,ğŸ˜œ
givvy_givven i blame covivi le vaccine ,ğŸ˜œ
noorhal i knowjust having a little fun. lovely filter choice too.,ğŸ˜œ
who made this mr mcadam rap!,ğŸ˜œ
so true,ğŸ˜œ
"edbhoy1888 russellboyce1 and, yes, i love omitting commas for comic effect.",ğŸ˜œ
kjoshua21 i loved going to the arnold always had a good time i loved the expohad many dates hehehe,ğŸ˜œ
follow my friends italianostyle2 drnikolova_rumi marethr me_1b 201cleo1 nazia_fb j_ahlia rolltidewiley3 jaiswallmannoj a_j_christ gramyc44 ygmr18_ share the stallion love & gain with #teamstallion #family !!!,ğŸ˜œ
roy_barrettroy i showed them a pic of u,ğŸ˜œ
gracefulwraith lezzimomof2 you sure thats coffee,ğŸ˜œ
we are surrounded by so much deathespecially of our peers,ğŸ˜œ
witchs_broom yeah! i have blkd some cousins who spy on me but never react to my posts! phokat ka maza kyu lene doon unko,ğŸ˜œ
meme ,ğŸ˜œ
sofielovesiu lol! secret mare,ğŸ˜œ
parsa__kanwal really,ğŸ˜œ
docal68 happy birthday,ğŸ˜œ
imvkohli i thought you took retierement from test cricket,ğŸ˜œ
doyoungpromotes night snack~~ jabee oks na cguro,ğŸ˜œ
night ,ğŸ˜œ
sendme1st good morning love have a blessed sunday,ğŸ˜œ
kuldeep_singh18 biggboss_tak i am sure you are not talking about his twitter account,ğŸ˜œ
fries_cries_ yes man i m one of them hahahahahaha,ğŸ˜œ
"honey, where is my springlock suit",ğŸ˜œ
urvoicebeatmyheartevenfaster,ğŸ˜œ
cowboy_456 thank u for the tutorial,ğŸ˜œ
playground ep.24 | a 10vely day with ten & project...  via youtube,ğŸ˜œ
elle_icone the code you need to tell y'all,ğŸ˜œ
do you remember when you joined twitter? i do! #mytwitteranniversary ,ğŸ˜œ
"kanova mryougotit hundontenth itswag_33 janthonyharris1 kevin2864 reuters haha you have not understood him. in simple terms, why is it ok when the usa attacks other countries and it is not when russia does it? if you really want to see fire let the usa attack russia. it will be short but sweet!",ğŸ˜œ
"if this were jeopardy, the answer to this would be : what is world economic forum",ğŸ˜œ
eliasbendodo elmundoes feijoogalicia back to the future,ğŸ˜œ
livesmart you better close your company,ğŸ˜œ
party party yeaah bts_twt #vlive #jungkook #barmy ,ğŸ˜œ
theleoterrell to get her out of here she needs something to do and she loves travel.,ğŸ˜œ
"jojofromjerz sure thing, kid ",ğŸ˜œ
dhiraj717 madhuli15840847 dheeren09732884 priyanka_anchor nitishkumar no dhiraj you're question is not wrong..may be you don't know..but it means ..,ğŸ˜œ
officialtracieb and why not tracie?,ğŸ˜œ
anyone else thirsty?? delicious  ,ğŸ˜œ
mkainerugaba adf thought the same naye the hypocrisy of power,ğŸ˜œ
_ronnietech tweeted 2 times and deleted,ğŸ˜œ
"#traceybarbie life difficulty factors: 1)ugly 2)stupid 3)poor 4)sick 5)old i can think of someone we all know who meets 4 of 5 criteria, and she ain't getting any younger ",ğŸ˜œ
kankichiryotsu2 dineshw1970 thakkar_sameet meaindia lol!!! who said that??,ğŸ˜œ
follow up on my day of checking #checking ,ğŸ˜œ
follow this id follow back pakka he loves cakes very much spreading cake value throughout the karnataka bossmania88 ,ğŸ˜œ
luvjayyih typings ng inlove,ğŸ˜œ
cause if you wasn't lying about you and him be talking bad about me as you say y'all going to jump me when y'all see me or he ask you have you seen that opp bitch today why you delete all them if you ain't lying i catch you you and him don't talk about me,ğŸ˜œ
i woke up to my home girl doing herrrrr in her cf,ğŸ˜œ
tkohl looks like an ad for a fantastic sweater.,ğŸ˜œ
mamabearx20004 i am with you in spirit for whatever you are going through if i may share my strength with you sister,ğŸ˜œ
damajiayou mindblowonnft  thanks me later,ğŸ˜œ
telvi_idk cypress_nl ursulalygarlis geraldkutney you mean education has won this thread. you take away more knowledge from the thread than you brought to it.,ğŸ˜œ
stalking all his socials with no shame,ğŸ˜œ
aguerosergiokun xralys the song,ğŸ˜œ
razzmatazzjoe rimemes2 haha i am the only raju fan ultimate is utter flop no one is perfect and especially nariyoop is most irritating,ğŸ˜œ
s_shreyatweets congress is in bloodlol ,ğŸ˜œ
lol...cats are always strange.,ğŸ˜œ
"saaaashaaa eeeh sash, give a chance to others ",ğŸ˜œ
catturd2 i think that he actually died from covid 19,ğŸ˜œ
wanna be my cuddle dm me and retweet send ko titi ko ,ğŸ˜œ
rhayepiltierich you give off tall banana energy.,ğŸ˜œ
fynruthie as we wait for the solution let's be drinking beer,ğŸ˜œ
told yall someone woukd posr from gegelinemy manifesting always works. ,ğŸ˜œ
jojo0374 iris_bee_ cba500 sounds like you'll have a ball jojo!!,ğŸ˜œ
gbagam,ğŸ˜œ
i can't stop laughing at this video ,ğŸ˜œ
mmcurtas this is the laminated sign that gets slapped onto the side of the jeep when i 'travel'. happy to send you a copy. got lots! ,ğŸ˜œ
cixyuta sweet na may spicy,ğŸ˜œ
"hiya jamtart18 just got a message to say the conn, bauld, wardhaugh print is now framed and proudly displayed in my dad's best pals house in rotterdam. you've made an old man very happy",ğŸ˜œ
ldnpeter i'm just you'll have a few thousand offers.,ğŸ˜œ
"not to brag, . . . but i tracked, hunted, skinned, & butchered the green beans for tonight's dinner! ",ğŸ˜œ
ronfilipkowski he's going to introduce a new pillow with a voting mechanism built in,ğŸ˜œ
smilesssbot oi! bonnielass88 enjoy your holiday and stop buying all the reds,ğŸ˜œ
mrrichbernard that will be interesting too as i wouldn't think a home oven can change quick enough. pictures clearly required once you've stuffed you face,ğŸ˜œ
big versace available in different colours high quality delivery: nationwide (charges apply) price: 15k ,ğŸ˜œ
kankichiryotsu2 dineshw1970 thakkar_sameet meaindia so you are trusting us and nato,ğŸ˜œ
gypsy_girl27 be better if i spent it with you,ğŸ˜œ
big congrats to bam and teddy a. but how time flies when you're wathing the show is fast mehn. we want more #uncutwithbamteddy,ğŸ˜œ
princess_ann355 fatty juicy desert,ğŸ˜œ
teshibrendah78 but it was*fill not feel,ğŸ˜œ
"but adbul kalam ""drama"" not a forced one right...",ğŸ˜œ
happy sundays are good 4 the heart & soul. smile god love u godbless  porter ranch estates ,ğŸ˜œ
"al_hine vivabananarama maybe the dictionary meaning will help. anniversary - ""the day on which an important event happened in a previous year "" so. bananarama formed in 1981. one year after they formed they celebrated their 1st anniversary.",ğŸ˜œ
bokatan24 this helps ,ğŸ˜œ
"29. seonwutbz 30. kimsejeongle if being sexy was a crime, you'd be guilty as charged. - no drink -",ğŸ˜œ
yall don't know who,ğŸ˜œ
i think russia's economy will shrink double digits ... of course i don't have the brainpower like moody's analists. but i do have common sense,ğŸ˜œ
below 50k followers ::drop your handles let follow you now,ğŸ˜œ
iyoba4u drtedros no...he belongs to a negro group who willingly serve the white masters,ğŸ˜œ
"supra_traders wysefinverse ha ha , it was typo error, 15350-15400. but i may be true in coming weeks. god is giving indications through typo errors",ğŸ˜œ
oshiiph manifesting,ğŸ˜œ
psikologabal hmmm dady sugar dong?,ğŸ˜œ
"pbudgurjar s_shreyatweets respect is earnt, pr doesn't work.lol ",ğŸ˜œ
"""arrange marriage love marriage and marriage""",ğŸ˜œ
lainey_1983 sthelens10krun derianhouse now that's an idea,ğŸ˜œ
"happy 1 milyar per jametan mutss,,, ",ğŸ˜œ
"perfectlyme321 ohh i notice lots the boobs and ass help, visual stimulation is but also there's clues galore in what and how you write.. clever, naughty, sexy mind mrs",ğŸ˜œ
i hope my sister cook today cause babe i'm gone fly and get my plate,ğŸ˜œ
sjhawkwood diamondlynne1 he's shifty like that.,ğŸ˜œ
im crying james and remus arguing becsuse they found out theyve been fuckutj their best friends brothers,ğŸ˜œ
chrisobore1 tweeting is for people with brains.,ğŸ˜œ
"caitrionambalfe i can't watch till tonight. i'll make it, i think",ğŸ˜œ
ohtheprofanity me too- they had the better scifi section.,ğŸ˜œ
roseroyse23 i'm irritated as fuck. and my sleep been fucked up all week & he know it!,ğŸ˜œ
paddypogle jo49997650 beautiful picture!,ğŸ˜œ
vladdie777 jimcameron rodriguez at least those that do have seen the error of their ways!,ğŸ˜œ
khonkhonkaen memeaw_k bambam1a bambamxabyss got7official bambam so cute #slowmo #whitty #bambam bambam1a bambamxabyss,ğŸ˜
tslayztv such a beautiful dog tay! and with a mischievous personality to boot!!!,ğŸ˜
jackyis59 it don't matter what you wear jacky you always look beautiful !,ğŸ˜
sweetloungeuk what a lovely giveaway shmoilie,ğŸ˜
ericjohnart gm... sir have a wonderful day,ğŸ˜
"summerwaccess switch a n***a out , toxic & screwin ! in that exact order",ğŸ˜
so beautiful.. #tejasswiprakash #karankundrra #tejran,ğŸ˜
k_im_sun_oo yes anytime hehe,ğŸ˜
ikraaam_1 masterclass,ğŸ˜
lechelon67 sam my favorite scott ,ğŸ˜
drawing chibi card ,ğŸ˜
"the power siot,",ğŸ˜
tommytaylor2250 kieranprest0n but love me in real life,ğŸ˜
nobodysmakoti2 the face,ğŸ˜
skeleton_nft so take a look at dopedudes_,ğŸ˜
boutta rewatch his beatdown of barboza,ğŸ˜
bts_twt why so pretty jiminssi,ğŸ˜
she soooo,ğŸ˜
bestgaypornn is good,ğŸ˜
awishwrites this aesthetic is amazing! i love a good fantasy western story!,ğŸ˜
halloe33n omg he's just like me fr fr,ğŸ˜
weeldfluwa u look so gorgeous,ğŸ˜
azulabye fuck i love men so much,ğŸ˜
"meow, love you mysta",ğŸ˜
"our pretty baby park jimin, can't wait to see you perform #parkjimin #btsjimin #jiminie ",ğŸ˜
it's hilary in the gucci cooking apron for me,ğŸ˜
oreoluwa_sugar it's so beautiful,ğŸ˜
okay but why am i kinda,ğŸ˜
sftjoongie insomnia_desire ahhh tysm for hosting and for all your hard work on this go these will be my first ever svt albums and i'm so excited!!,ğŸ˜
pengwyn_eth gio_masia_art oh wow. thank you. ,ğŸ˜
"thatodm haah thato, she's so grown.",ğŸ˜
02csbfr anything for red hoodie tyun,ğŸ˜
beautiful picture #pakvind #cwc22 ,ğŸ˜
13k tweets.. for sudden announcement when comes to trend kavinians are flower illa da fire... thagatheylee #kavin04 #kavin ,ğŸ˜
umikaypop so cute,ğŸ˜
dream94sweet therupali iamgauravkhanna oooo wow so excited,ğŸ˜
his 3 mins screentime is all i need,ğŸ˜
gojopinks_ stealing,ğŸ˜
tmmt_san wow these are nice shot and you look so great in them,ğŸ˜
mission for vlive prior to the upcoming concerts complete love them all so much!! #btsconcert #bts,ğŸ˜
natererun wbk beyonce is a top ,ğŸ˜
love seeing bad bihs do bad bih shit!,ğŸ˜
2 tickets to the lion king broadway in nyc what a fucking dream,ğŸ˜
beautiful girl,ğŸ˜
loving the hot pink bin bags readingcouncil ,ğŸ˜
_oyinpepper itzbondraph my love loving the new avi,ğŸ˜
wow look at the beauty no leave no transfer symply tacha #tacha #tachatitans,ğŸ˜
pegnueslady dm me please,ğŸ˜
with your lover,ğŸ˜
bias wrecker posting pics of him and my bias,ğŸ˜
flankingknight coffee but e trick gottirlilla,ğŸ˜
gorriceta_vinz it's a yes.. thanks kay kita na,ğŸ˜
myoneandonlykat i use to make this recipe for their mom and uncle. and they all love it! i'll send them home with a big freezer bag full for the week!,ğŸ˜
"showgirlcf can you adopt me, red?",ğŸ˜
like i need to stop i'll just manifest that my family will buy me felix pcs in my bday,ğŸ˜
juggler_hyoga i love this,ğŸ˜
bube_chukwu i'm here to give you that,ğŸ˜
jasonhay rather have bruno as a false 9 tbh.,ğŸ˜
katyawalter1 beautiful,ğŸ˜
valerieblaise aww look at squishy squishy face,ğŸ˜
mustaphaishaqb2 nifa if i'm talking tosho don't talk,ğŸ˜
deftony83 gm... sir have a wonderful day,ğŸ˜
yumichanm2 beautiful,ğŸ˜
"indomyfess sama nder, life goes on",ğŸ˜
permission letter from production house to land owner ee sari matram taggede leee namma adda #chikkaballapur #rrrmovie #rrronmarch25th #rrr #manofmassesntr #thokkukuntupovaale tarak9999 drlng kvnproductions rrrmovie ssrajamouli ,ğŸ˜
 finally back to twitter insta engagement bhi do.. youtube pe stream bhi karo.. #ruladetihai #tejran,ğŸ˜
ujiminphoria wait where was this and when?,ğŸ˜
syamel laa gantii!! sedapp!! i love the arrangement!! bop bop to the top! #ajl36,ğŸ˜
pegnueslady onlyfans dm me please,ğŸ˜
sundays ,ğŸ˜
_amusingmyself pretty darn adorable!,ğŸ˜
sidnaazispyaar this one is epic....,ğŸ˜
clara__croft clara looking gorgeous,ğŸ˜
t00dlesgal0re too late,ğŸ˜
sluttymom1 please sit on my face,ğŸ˜
jeiiybeanz1 right back at you good morning,ğŸ˜
jgedokpayi asbmilitary ay c'mon we have propaganda up to the sky here. have a heart. did you see this? ,ğŸ˜
vtress29 josephmorgan draw! i want to see!,ğŸ˜
"here, jk is looking pretty smoking these days",ğŸ˜
one thing about me i can sleepi sleep,ğŸ˜
namkeen_barfi_ abbottabad ka pyara mosam n hanging out with people i love,ğŸ˜
i love my bffs so much kryshad_ wjhshao #methebesteacherevah,ğŸ˜
annajiminie_ jimin,ğŸ˜
just heard the ice cream van for the first time this year. summers coming,ğŸ˜
mimbow1485 mine was good too,ğŸ˜
kicksonfire i want these kicks,ğŸ˜
nag i love you too sakin si michelle shetttt,ğŸ˜
oh wow they compiled melody's entries #btob #_the_song officialbtob,ğŸ˜
today we will buy bemilgame ! a big project on #bsc ! #bemil #bemilgame ,ğŸ˜
marissacrypto thanks for the opportunity ,ğŸ˜
apurvamaheshw11 very pretty,ğŸ˜
anji_ly ang cute omg #anjisalvacion #benedixramos,ğŸ˜
"just how fast the night changes!! my dheeshra babies their looks must have changed,but their happiness together is still the same since 2017 dheerajdhoopar aryasmilesa #dheerajdhoopar #shraddhaarya #dheeshra #preeran #kundalibhagya #bestitvjodi ",ğŸ˜
"wishing a very happy birthday to one of the promising newcomer in the industry. looking forward to see you as a growing and glowing actress nd please continue being the absolute cutest. and, all the best for your future projects nd endeavours. #happybirthdayjanhvikapoor ",ğŸ˜
oh boy!!,ğŸ˜
#7trending markmiranda_ - yung video with housemates - zach bday - congrats ! napakagaling mo na houseplayer and thankyou for choosing zach,ğŸ˜
theopinion8d1 you looking beautiful ntwana,ğŸ˜
namgitoes nice,ğŸ˜
hourlymyungsool loveinl_p kimmyungsoo_1 looks cold,ğŸ˜
finefacerita love your outfit!,ğŸ˜
"wishing the handsome, talented and versatile perfomer ""shri imsharwanand garu a very happy birthday... #hbdsharwanandgaru ",ğŸ˜
missufe done,ğŸ˜
goosebumps promo suriya_offl #etharkkumthunindhavan,ğŸ˜
airdrop365team best,ğŸ˜
bts_twt miss you lovely jimin,ğŸ˜
whenisayrunruun plus you spent a nice weekend in berlin!,ğŸ˜
luv u guys,ğŸ˜
cuteness overloaded #tejasswiprakash #tejran #naagin6 # ,ğŸ˜
petergw3ns mappy the pammy is famous,ğŸ˜
"leslieaspurlock thanks so much miss leslie, you're very kind, thanks for your support",ğŸ˜
jillybean418 love this pose,ğŸ˜
follow and support pls.,ğŸ˜
tinky winky & aina abdul dua dua comel! #ajl36 ,ğŸ˜
"axl2050 asbmilitary and here we are, back to the '30s. you'll start loving your old propaganda back huh! ""yeah let's fight together w the nazis against the soviet !yeyyy!!, together in love "" f*ck1ng nazi-lover ",ğŸ˜
takuchan in the new aoppella mv,ğŸ˜
jk cantando friends ,ğŸ˜
a pick a day will keep the doctors away #10uloading #rjpope17 recruitgeorgia #builtbybama #timetappedin #youthfootball #georgiayouthfootball ,ğŸ˜‰
kailaswild a bonus round will be held in may on a yet to be finalized date,ğŸ˜‰
lilymoyerr i got a few months left w ya so no sorry i don't make the rules,ğŸ˜‰
"amberstylinsonn louistthestyles i joined the fandom, well when i say joined it was more like fell down a rabbit hole, in december 2021. i was still trying to wrap my head around the sheer volume of larry proof when i came across ziam. niall was just quieter in his love pursuits but he's family too.",ğŸ˜‰
"cb_doge mydogeofficial i can't wait, unfortunately i have android",ğŸ˜‰
"kyaalvy my pleasure, yes we should !",ğŸ˜‰
"and you guys are giving him better publicity .. whenever people think of alternative, you guys only remind us that he is the only choice we have",ğŸ˜‰
"eveiodrama 'coz darling, i'm a nightmare dressed lika a daydream... i forgot that u existed, and i thought that it would kill me, but it didn't... ",ğŸ˜‰
1478 now? :) ... - ok! - and some newest ones followed me first!,ğŸ˜‰
thotsonthingz it's 911 give me a call,ğŸ˜‰
wwwbigbaldhead wow! can i ride norman ?? you look attractive even mad!! whatever character you are you bring it alive,ğŸ˜‰
"spring sale! now through the end of week, all strayables are 20% off. including custom orders and feral inns.  and that's per item, not per order. #extrasavings",ğŸ˜‰
itzraiyanbtw i ratio friends because i love them,ğŸ˜‰
tempusbe bandit_ixii pretty sure that video shows otherwise,ğŸ˜‰
this kid has got some serious type 1 muscle fibre .. mountain in #snowdonia ,ğŸ˜‰
i wonder how putin's botox therapist manages to do his top ups from the other end of that ridiculous table. i think we should be told. it's been worrying me. ,ğŸ˜‰
aurelie_salaun drareic_paca dareicam academienice plhospit letanglacnice lpblum thank you,ğŸ˜‰
elizakezzia hdamonsta zoned?,ğŸ˜‰
500 gcash in 15mins rt & reply done,ğŸ˜‰
"joeby52 haha, that's ok. we still have to pay for the interpreters.",ğŸ˜‰
jasminelennard airbnb airbnb_uk our gal stays on her receipts so don't be foolish now,ğŸ˜‰
rachmufc7 come on city x,ğŸ˜‰
cardano_robin honey bunches of oats cereal. just add milk and eat.,ğŸ˜‰
jomulhaney1 boxingrick2022 stormyt06260730 helencatchpole2 safcaliz sabs851 fayelacio sooozie1985 helen_bayliss ashleyrich echrl_ josiehall78 barbaradixon__ clairybabe giovannablu7 mooreme26 sheenster13s s0phxx_ stephcassidy56 xo_coco_ox sounds about right,ğŸ˜‰
auxanecatia just joke oooh. ,ğŸ˜‰
"i've been showered by mum, prefer the bath but i'm all soft and fluffy for now! ",ğŸ˜‰
davidcoverdale where's door #3? ,ğŸ˜‰
i pose for wooyoung,ğŸ˜‰
"therealrobcook not a clue, i've not watched the early years, will do so on my next rerun but usually i think because the show based on reality, probably thought, establish who he is, but not required as a main stayer (it's hard to explain over a tweet reply lol)",ğŸ˜‰
pmaluci random google fund,ğŸ˜‰
"txsalth2o hi. just came back from miami. 2 pieces of advice on south beach. 1. be careful with parking, they do tow & street parking is expensive. 2. all the restaurants on ocean carry a 20% surcharge, even during happy hour + they still want a tip. they can have one or the other.",ğŸ˜‰
"adelgary so you tower over lilliputin, take pride in that ",ğŸ˜‰
"maryamnsharif imrankhanpti he is tearing you guys apart, don't scream rape just enjoy",ğŸ˜‰
mollzkellz i like u,ğŸ˜‰
kiltlanderjp potus yes because brilliant is a #biden who's funding #putinswar yet saying he's fighting against #putin at the same time wink wink,ğŸ˜‰
this has always been my lucky number #mytwitteranniversary ,ğŸ˜‰
"cath74kat good moaning! eh, morning! you do the same!",ğŸ˜‰
kittycxrs3 i'm sold.,ğŸ˜‰
boydcoy32 what a shame. ,ğŸ˜‰
and today he has more people thinking he better looking.,ğŸ˜‰
aishiterutokyo if it was a j. league game it would have been his goal,ğŸ˜‰
"afcbbeachboy i agree. as i said in the first tweet, i think talk of getting rid of parker is frankly ridiculous. we chased him for a year and he is a huge improvement on jt and jw. however if we get promotion, it is what happens next that is the important thing.",ğŸ˜‰
"be who you are and say what you feel because those who matter don't mind,and those that mind,don't matter anymore! ",ğŸ˜‰
i get this man to wash the car and as soon as he finish drying it the rain come down. so he dry it off again. why outside look like a storm coming ? why i even get my car washed ? stupes.,ğŸ˜‰
amen ,ğŸ˜‰
hejinseok jeon jungkook supremacia yoonweek br #iheartawards #bestfanarmy #btsarmy (bts_twt),ğŸ˜‰
"forzhehanie oh my , how smooth~",ğŸ˜‰
"fuckin a sag , killing all the leoos & marrying an aries",ğŸ˜‰
"uh no it doesn't i know this it spins slower and yet...you move up and outward with ""gravity"" on the surface of the earth?!!",ğŸ˜‰
rnaudbertrand the messages behind the news is that fox want ppls votes dem out next election.,ğŸ˜‰
arsenalwfc barclaysfawsl yesssssssssssssss.. game over...,ğŸ˜‰
"ki11enmachine aephia staratlas at_mwagner ashes_ls stepnofficial as to your other responses: 1) yep. unfortunately the market conditions are not optimal, as we all know. just keep accumulating 2) that might very well be the case for you i'm not sure what else you have cooking, besides those shoes of course 3) nothing happens:",ğŸ˜‰
susie_dent chrisgpackham brilliantmaps as long as there is cream and jam in abundance i'll be too busy munching to care.,ğŸ˜‰
ihpower i need to start drinking to make my tweets plausible then...,ğŸ˜‰
"kirsty7169 eggyfingers bo##ocks to rudeness...! i see you... i respect you... (i'll show you soon, i hope...) work smart, not hard... x",ğŸ˜‰
jeiiybeanz1 right back at you good morning,ğŸ˜‰
popesta your_nlp_coach crypto_birb great bro. like minds. have a nice and profitable day,ğŸ˜‰
really dont understand how people are rude for absolutely no reason,ğŸ˜‰
"cherwellcats laurawattsflem1 she is a grand cat - built for comfort, not for speed xx",ğŸ˜‰
"sunday funday they say! knock yourself out, so many cool dede in stock and the beauty is you don't know what you might get and how rare and luck you might be  #nfts #nftcollection #nft #nftproject #nftart #gmlr $gmlr #nftcommunity #nftgiveaway ",ğŸ˜‰
dude oh yeah.....,ğŸ˜‰
"cryptomichnl maybe, maybe not...",ğŸ˜‰
bitehuening ill fb,ğŸ˜‰
frensvalidator becouse frens its most important,ğŸ˜‰
"good morning my spectacular friends blue skies and sunshine are outside my window, but an open morning schedule means i get to turn over and go back to sleep but before that, i wish you a restful day, ask you to #spreadkindness and tell you that i love you lots ",ğŸ˜‰
"ravenhande i really like your analysis of teskilat, i am always waiting for them impatiently please don't even think about stopping",ğŸ˜‰
"i made vomitsself watch mad foxes for a cheeky little project we're doing together more soon, but here's my review in the meantime:  ",ğŸ˜‰
hejinseok park jimin supremacia yoonweek br #iheartawards #bestfanarmy #btsarmy (bts_twt),ğŸ˜‰
sumairawn what do u think about 2pack,ğŸ˜‰
hxgh_prxsecutxr of course~ why not dm me,ğŸ˜‰
"wedidisyah karen_coops81 babafner caitrionambalfe ooh. 1.99? really? in that case, i might be tempted",ğŸ˜‰
"sanchzcatalina you dodged a bullet there, friend! someone is looking out for you.",ğŸ˜‰
jerem__me all deserved,ğŸ˜‰
"melissalstarr okay, i will just be lurking about anyway. i won't distract you while you are creating.",ğŸ˜‰
i'm sure every #taekooker will sleep very happy tonight. good night #taekook ,ğŸ˜‰
philnmarks i was about to say the same thing to you,ğŸ˜‰
solomonjanet796 ben_wosu chiomakjane i like that,ğŸ˜‰
"and the resentment of lander (lander) is also not clear. he himself in captivity began to cooperate with the enemy. naturally, a tribunal awaited him. wife left because he returned from captivity as a fool. who to be offended by. only for yourself. if you say that he is insane",ğŸ˜‰
mickledj playlistbucket mandapen what's wordle?,ğŸ˜‰
"brandt_kl princess's heart is more priceless, right",ğŸ˜‰
this is them having strictly business relationship,ğŸ˜‰
ibalik natin ulit sa #1 kaya tara nood na tayo currently number #6 on overall and #3 on movies streamlicb onnetflix #donbelle #donbellempire ,ğŸ˜‰
bring back girl in red,ğŸ˜‰
"agueromomon you're on to something, will have to silence you soon",ğŸ˜‰
i may or may not have a remini based surprise coming soon,ğŸ˜‰
dbngplt streamlicb onnetflix #donbelle #donbellempire,ğŸ˜‰
bengaljims_btr someone's also been to the bonbonerie,ğŸ˜‰
"emanningwrites ""people are entitled to their own opinion. they are not entitled to their own math."" - erin manning this had me rolling. exquisite!! i will watch kk tonight v #seakraken..probably at a 2.1/60 clip. great article friend.",ğŸ˜‰
dannycrypt maybe you can change to danny fantom eth,ğŸ˜‰
pwilsongolf picknpay can't afford to take that risk with you around town,ğŸ˜‰
doyoungpromotes dhomnfts doneeeeee manifesting manifesting manifesting manifesting manifesting manifesting manifesting manifesting,ğŸ˜‰
thehunter00014 yes absolutely ,ğŸ˜‰
frnchska_db streamlicb onnetflix #donbelle #donbellempire,ğŸ˜‰
no sauce,ğŸ˜‰
goodevening,ğŸ˜‰
well.... ,ğŸ˜‰
would you be interested in a system to help you discover and remember all the cool features of ruby and rails? i might be working on something,ğŸ˜‰
bigsisterwhale you rock big sister whale!,ğŸ˜‰
bangtan__armi yes yes yes yes !!!! ,ğŸ˜‰
"kattrimble kevinaschofield phew, thought it was menot what he said at all!!",ğŸ˜‰
danaadamnika must've been good then otherwise she would've been doing this! ,ğŸ˜‰
qtdegen bcboars and i would love to gas it,ğŸ˜‰
_sassypokemon y normal people????,ğŸ˜‰
"karoleva4 lilliana it's romantic fantstic, a tranquil atmosphere my dear friend lilliana",ğŸ˜‰
alphawolf_1_ paragenio tqif nftguyy bouncenewsng wish me luck.... ,ğŸ˜‰
makarawarr7 amen,ğŸ˜‰
2017oct27 penya1930 i jo del unigirona,ğŸ˜‰
"fsulayman_ nope, we are good",ğŸ˜‰
sky bet matching your first bet on the man united v city game i put a fiver on something then cashed out and got a free fiver bet it may work it may not,ğŸ˜‰
jadexdonbelle streamlicb onnetflix #donbelle #donbellempire,ğŸ˜‰
geedka_gob nadaali4somalia m_farmaajo tamimbinhamad we are better then african counties .. just look way back in 70's the only thing i wish is the bombing stops so we all comes back to our country i am not not losing hop man i love somalia,ğŸ˜‰
gameday,ğŸ˜‰
super save kepa ,ğŸ”¥
reassurance & affirmation is my literally my love language. s/o to my man.,ğŸ”¥
swerve is,ğŸ”¥
"what a movie the darkest, grittiest batman film yet!",ğŸ”¥
last hour countdown it is now so very close! gold samurai: 6 red assasin: 7 cage fighter: 0 blue alien: 2 kung-fu mfer: 2 would there be a reversal? i'm excited to find out last hour to grab teammates mfers! #mfers #mfer #azumfers,ğŸ”¥
#nowplaying clock in monaky_felaboi #sundayattherhythm hit songs only djfxng in the mix,ğŸ”¥
drriteshmalik very good bhai,ğŸ”¥
#bheeshmaparvam day 4  #kozhikode all nights shows sold out thus extra shows added #mammootty mammukka ,ğŸ”¥
lovely content promote it on our ig 5million+ networks direct message us ,ğŸ”¥
adultnep789 i'm doing pretty great actually. what about you?,ğŸ”¥
fcbfemeni claudiaapinaa fridolinarolfo ingrid_engen stanleytools on fire,ğŸ”¥
".ownagevlr triumphs on the first map! together with vlr_xyz, they gave us a great show. can't wait for the second one!  ",ğŸ”¥
saladnfl incredible,ğŸ”¥
muffinmcluvinnn hiddenboyznft joe seems like a really cool dude,ğŸ”¥
some great prices on stafford autos if anyone is interested,ğŸ”¥
what we needed #heardle #9 ,ğŸ”¥
masterpiece present in on 1.1m. let's talk on ig ,ğŸ”¥
once again.. #yellove #csk ,ğŸ”¥
lilangel4you smokin hot,ğŸ”¥
christineearper i've already favorited like 20 shirts and it just keeps growing dude #wynonnaearp #bringwynonnahome,ğŸ”¥
solgivernft foxiesclub simeongurru brightbhoy ayomidey200 thanks!!!,ğŸ”¥
algogov thank you mate,ğŸ”¥
"first nifty in the bag, dope art by iartsometimes #nfts ",ğŸ”¥
lovely content promote it on our ig 5million+ networks direct message us ,ğŸ”¥
can't wait to be chillin in a beach house someday,ğŸ”¥
that evil spirit that tells you to increase your speed when driving,ğŸ”¥
wallowsmusic u should give me free dublin tickets,ğŸ”¥
kittypurrzog let's not throw the baby out with the bathwater,ğŸ”¥
7 years ago ,ğŸ”¥
baby,ğŸ”¥
"post ig [fto ak] so lucky to be your love, asdfghjkl arghhhhhh",ğŸ”¥
thef1magazine give me more pics of that new ferrari!,ğŸ”¥
dm riya if anyone need funds!! lets get the #1,ğŸ”¥
56 points!!!!!!! the kingggggggggg!!!!!!!,ğŸ”¥
dave east has that crack!,ğŸ”¥
officialabq about time we stood up to those f**kin tyrannical traffic lights burn them all down!! not even joking,ğŸ”¥
"my baby, you did a phenomenal job! you nailed every performanceyou gave 1000% your best for both days. so plz rest well, have enough sleep and take vitamins before you go to bed #hueningkai",ğŸ”¥
day 33 #juanaday. 2019 topps on demand momentum rising print run 1266. post your #juanaday below. ,ğŸ”¥
lovely content promote it on our ig 5million+ networks direct message us ,ğŸ”¥
jah_guid dopeness,ğŸ”¥
zoyapromotes time,ğŸ”¥
kristind0424 11/10 would face plant right into this,ğŸ”¥
"#beast audio launch conducting at nehru indore stadium , chennai on a grand manner ~ actorvijay dm me if anyone will join with me for the audio launch #arabickuthu #thalapathyvijay #vijay ",ğŸ”¥
i would love that ravi,ğŸ”¥
xcelgawd7 yo thats actually,ğŸ”¥
lycanfinance huge,ğŸ”¥
what a save barryy amazing,ğŸ”¥
hot red #shehnaazgill #sidharthshukla #wonderwomanshehnaaz ,ğŸ”¥
"""i'm sorry but were you watching ""crikey, it's the irwins"" earlier today? cause i'm watching it right now and i just saw a giraffe giving birth "" - yes! i watched it like half the day yesterday. that poor baby giraffe with the fucked up kne... ",ğŸ”¥
imvkohli king,ğŸ”¥
saipallavifc sai_pallavi92 slvcinemasoffl mass goddess,ğŸ”¥
solgivernft solchiefnft simeongurru brightbhoy ayomidey200 thanks!!!,ğŸ”¥
we go again on tuesday! #heroileague #leagueforall #football #player #training #kolkata #ileague #roundglass #punjab #sports #punjabinspirit #indianfootball ,ğŸ”¥
"""..heh. much as i wanna argue that, the optimism's a nice change of pace, honestly."" there's a pause after the fact. like the yordle was.. confused about something. ""..okay, wow. uh. what's in this stuff..?""",ğŸ”¥
"good weekend to y'all, doodians! another #ama session w/ pathdao's getting underway! this time, #kingdomraids ceo hai duong's the chosen one to be on da mic & cover all your questions about #kingdomraids & many more! 9 pm utc mar 07, 2022  ",ğŸ”¥
bmashuud almightyevanz princesaviour20 gyiminaa edmundoris if you wanto argue football argue football no deh talk rubbish abeg.,ğŸ”¥
lovely content promote it on our ig 5million+ networks direct message us ,ğŸ”¥
i_amak ashwineyy congrats for bagging the award for #kuttypattas more & more love to u man #ashwinkumar,ğŸ”¥
sweety_zara cryptokamikaze2 i love slightdebacle,ğŸ”¥
zoyapromotes long,ğŸ”¥
and it's gonna be mad,ğŸ”¥
"damn! you have a dj khaled album body, nice features",ğŸ”¥
got the the gang out here with me while i get some script writing done! ,ğŸ”¥
please,ğŸ”¥
he beats dustin all day long no doubt!,ğŸ”¥
crypto ghost #023 bandit ghost now 74/221 unique ghosts available price = 0.008 $eth no gas 25 owners volume 0.19 $eth #cryptoghostking ,ğŸ”¥
so apt...,ğŸ”¥
we should #hodl #shinja until it's listed on #binance . #shibnobi #shibnobicommunity #shinjaseason #crypto #defi,ğŸ”¥
grumpyboy6759 thealienboynft that paperboy hat is champ.,ğŸ”¥
my brother follows me at my aunt's house!  ,ğŸ”¥
lovely content promote it on our ig 5million+ networks direct message us ,ğŸ”¥
lovely content promote it on our ig 5million+ networks direct message us ,ğŸ”¥
iam_ahuoizaa tenientertainer how far? why you no shut down nigerian idol,ğŸ”¥
"innahsaar kandippa bro, mass what a ground",ğŸ”¥
bts_twt jimin jimin prettiest angel ever,ğŸ”¥
"iiiii kangen banget loh, listen u're playlist never stop",ğŸ”¥
my sons are too damn tall omg super blessed w my two kings ,ğŸ”¥
guy_with_flaws sabeenk109 5th 5th pr thy tbhi tag kya xd,ğŸ”¥
toady rohit sharma captaincy is on another level #rohitsharma ,ğŸ”¥
not thulz saying people were busy chopping carrots when they didn't vote for b.u. he has never even stood up ke yena. #bbmzansi,ğŸ”¥
i'm her peace happiness & her pornstar,ğŸ”¥
"35,000 naira only ",ğŸ”¥
"watford vs arsenal, live stream hd follow anaslive01 to uptade stream reetweet guys ",ğŸ”¥
happy #aewrevolution day! are you guys ready!? lfg,ğŸ”¥
lovely content promote it on our ig 5million+ networks direct message us ,ğŸ”¥
solgivernft solchiefnft simeongurru brightbhoy ayomidey200 thanks!!!,ğŸ”¥
dogelonchris90 youtube #volt dev is awesome,ğŸ”¥
about today ,ğŸ”¥
"huobi  ama $$500 lbp up for grabs! 12:00 - 13:00 (utc) mar 7 join ""huobi english community share the event poster with link  submit huobi global uid more rewards to win in the quiz ",ğŸ”¥
"always the best, 10/10",ğŸ”¥
if you look closely i'm friends with friend circle bot? how? ,ğŸ”¥
i hope that in the next chapters were getting more interactions between those two cause i just know they're gonna be fire. ,ğŸ”¥
tough competition between these two emojis today,ğŸ”¥
lovely content promote it on our ig 5million+ networks direct message us ,ğŸ”¥
join us peeps #crofam #cro ,ğŸ”¥
str00pkid shadowtodd that part,ğŸ”¥
cvyshiho obv not hby??,ğŸ”¥
devilxchaos what happened,ğŸ”¥
you fucked me so good that i almost say i love you,ğŸ”¥
pain~ oh let the bullets fly oh let them rain~,ğŸ”¥
i can't just wait for friday to come so i can. listen to my boy terri terri album will head davido career once and for all ,ğŸ”¥
"was walking around the mall with my girlfriend and a random passerby said to us,""i like your aesthetic"". was he a fellow queer in the wild, trying to say,""i see you, you're awesome""? i think so like idk, do straight people say aesthetic?",ğŸ”¥
iimiasanmia you're literally a barca fan,ğŸ”¥
kundriikichampa kkundrra do the honours,ğŸ”¥
lovely content promote it on our ig 5million+ networks direct message us ,ğŸ”¥
kanyepodcast i know. i need these.,ğŸ”¥
me and mr a on a quest to find our swiping machine.. we got a lead and its about to go down,ğŸ”¥
this kid is gonna be a megastar! ,ğŸ”¥
"so excited for tomorrow's family event! gender reveal of my cousin for her first baby,plus, an engagement proposal.",ğŸ”¥
a whole tacha?!!,ğŸ”¥
oppomalaysia bokeh flare portrait video and portrait mode #opporeno7series5g #theportraitexpert #ajl36,ğŸ”¥
i never knew that i inspire a lot of people here ,ğŸ”¥
byunghun_0712 very cool,ğŸ”¥
dineshdj_ actorvijay imvkohli rcbtweets fire mood on,ğŸ”¥
what a massive crowd#___ ,ğŸ”¥
replacing cracked screens are so long lol a clear screen is nice for phones though it takes several tries for the screen protector.,ğŸ”¥
fazoboya the gunnerssssssa,ğŸ”¥
the #sbc3 finished the regular season in men's basketball with a 4-19 record vs #cusa2023 members. 13-10 vs cusa2023 in women's basketball.,ğŸ”¥
abebeterefe stephenking this war is devastating. in the west we do use humor to alleviate the tension that so many recent horrific events have brought down on us. i am so proud of ukraines spirit in a fight they did not want or provoke. everyone but putin is praying for an end to this travesty.,ğŸ”¥
i love this bro!! congrats man. #dwdl,ğŸ”¥
"""swerving'"" fast hype type beat free download available  #typebeat #rap #hiphop ",ğŸ”¥
theplaguenft that rainbow grill is,ğŸ”¥
our girl singing naan pizhai song in black sheep digital awards 2022 sivaangi_k you are extremely so beautiful as always your voice is divine #sivaangi ,ğŸ”¥
"davidcoverdale youtube one of the best videos, song and singer in the world... ohh! i forget..and sexy male! sex police deserved at the end! ehh! ",ğŸ”¥
i'm in tears bro ,ğŸ”¥
we are waiting sir,ğŸ”¥
sinnamonlove so sexy,ğŸ”¥
bts_twt chrrysof i'm just waiting for your powerful comeback . wish you the best of luck for your stage performance. we know you're gonna be dope. i love you,ğŸ”¥
giveaway time in a couple of hours crazy army ape is the surprise giveaway for the retweeters on twitter or reposters on instagram lets make it viral #nftartwork #giveaway #nftgiveaway #nftart ,ğŸ”¥
mark lee in this particular part is sooooo,ğŸ”¥
lovely content promote it on our ig 5million+ networks direct message us ,ğŸ”¥
i'm hungry af,ğŸ”¥
flo_bajukinanti cuzzz ka,ğŸ”¥
unnagrl it's quite a thing to wake up to on this fine sunny day isn't it. showed up in my facebook memories from 5 years ago.,ğŸ”¥
bad asses,ğŸ”¥
"stonedick71 amen! that's right! the new testament never gave instructions to build buildings! as god's temple, we are responsible for the condition of his dwelling place!",ğŸ”¥
"sufitaffy2minho ha dia kena tengok target audience actually! kena pandai main ngn algorithm~ if you target this kind of audience then you need to follow a lot of accounts yg buat content lebih kurang mcm you, so that your fyp pun content tu ja, and your content pun will appear kat fyp yg suka +",ğŸ”¥
yeet,ğŸ”¥
betodds1 ezah_bae i like as you add b-o-b for the end ,ğŸ”¥
focuseddaydream everybody knows =,ğŸ”¥
vivianegbr shillwater thanks vivianelet's gooooo,ğŸ”¥
lovely content promote it on our ig 5million+ networks direct message us ,ğŸ”¥
kt66_lfc brfootball lauriewhitwell bro this is a total violation,ğŸ”¥
we're still on no. 1 guys goriye on 11th march goriye by darshan raval,ğŸ”¥
macelikespace 8/10 would watch this movie,ğŸ’œ
comma 2nd hobby jimmy,ğŸ’œ
bts_twt i miss you so much,ğŸ’œ
notcoolmegster mujinsbyeol no but for real i always loved your videos before i even joined twt,ğŸ’œ
jiims done,ğŸ’œ
"jimin, jin and suga growing their hair for the new album or song...new bts era coming soon #bts",ğŸ’œ
jiims done,ğŸ’œ
join us in celebrating hyunsuk's birthday ph teumes!,ğŸ’œ
ryubbovely omg ahhhh why does she make the girl fall in love with her bff's crush or boy freind!!! girl?!!! get the fuck out!!,ğŸ’œ
my two babies,ğŸ’œ
his hair is so fluffy oh my,ğŸ’œ
bts_twt omo love you,ğŸ’œ
kooktae_guktae their are going crazy after the live,ğŸ’œ
votando por # i vote for #btsarmy for #bestfanarmy at the #iheartawards 2022 bts_twt borahae #bts #btsarmy #got_army_behind_us #bts_butter ,ğŸ’œ
bts_twt love you baby,ğŸ’œ
irubangtan praisetanies awww okay!! propose her!! she is so sweet and understanding,ğŸ’œ
bts_twt love you jimin,ğŸ’œ
"rubyc87 starlit_lauren tell me why i double tapped like i was on ig? but watched on loop until i realized i still didn't ""like it""",ğŸ’œ
01btsxarmy1 92fuzzy92 bts_twt army bts together 4ever i vote #butter for #bestmusicvideo at the 2022 #iheartawards. bts_twt,ğŸ’œ
"llmunro i do this with tea, so that i can have real tea in the mornings. wonderful.",ğŸ’œ
"i can't even rmb sef, e don tayyyy",ğŸ’œ
fantasyautor danke james!,ğŸ’œ
reviewinc101 holly molly,ğŸ’œ
bangtoorikim_12 bts_twt breton hype stay alive listen to #stayalive vocals by #jungkook prod by #suga of #bts (bts_twt) out now on all streaming platforms,ğŸ’œ
don't chew more than you can swallow ! you'll choke on them words,ğŸ’œ
janefallon jessiecatworld human's are dispicable in all form's,ğŸ’œ
mac_b5 you have wheee factor purchased,ğŸ’œ
"imam #hussain (as) was born on 3rd #shaban. the holy prophet (pbuh) came to his daughter sayeda fatima (sa) and took the baby in his lap and said: ""hussain is from me and i am of hussain."" ",ğŸ’œ
litz kidlat debut,ğŸ’œ
bts_twt so cute.. i missed you jimin..,ğŸ’œ
myonlytaeger bts_twt i'm listening to #v_chritstmastree by #v best ost #christmastree bts_twt ,ğŸ’œ
such a fun paint n sip event w the chicago meet-up group! we did a painting inspired by spring day tree remember it's all about the strokes & less dripping #btsarmy ,ğŸ’œ
"bts_twt love you, mochi",ğŸ’œ
ernie n baby khawla at home : go daddy go daddy! #ajl36,ğŸ’œ
model8197 i have no robux lol!,ğŸ’œ
202113army sameeee,ğŸ’œ
angelscrepes studyyyyyy!!,ğŸ’œ
izz_olatunji everywhere lol,ğŸ’œ
another lamda exam done so mum and grandma took me out for lunch as a treat for working so hard #grade4 #actor ,ğŸ’œ
thesolanapirate apeskyel gemhost creekgeek2 aungmoehan07 abandons75 cryptoleox jyeams prango1986 aj_wilson_5 good luck everyone!!!,ğŸ’œ
finneasvt we hit 100 *-*,ğŸ’œ
ninischeek_ no i mean you fave when can't won inkigayo,ğŸ’œ
coloredbails heyltscynthia colored ball,ğŸ’œ
hello!!! kenyan army are on fire,ğŸ’œ
"yet still, bao was reluctant.",ğŸ’œ
d_yourthang seoulocello no money,ğŸ’œ
chanwkwk yehanaaaaa,ğŸ’œ
dajenus sneakerheadsoff done wishmeluck ,ğŸ’œ
it's official. i rather smoke than drink.,ğŸ’œ
fleacunt what?,ğŸ’œ
sevenboys_twt 92fuzzy92 bts_twt army bts together 4ever i vote #butter for #bestmusicvideo at the 2022 #iheartawards. bts_twt,ğŸ’œ
his little shiver,ğŸ’œ
rosythv thank you,ğŸ’œ
awwwwww so cuteeesweet love #taekook #vkook ,ğŸ’œ
stream christmas tree by v i'm currently listening to the record breaking ost #v_christmastree #christmastree by #v and it's my top trending song choice. bts_tw,ğŸ’œ
im_the_chopper coreycj76 angryoldsock _shawzyy lethallooby thank you!,ğŸ’œ
txehyo0n follow,ğŸ’œ
kielgives jopromote done,ğŸ’œ
& dew !! every time,ğŸ’œ
zazadefreitas whatsapp,ğŸ’œ
my most favorite face in the ,ğŸ’œ
"omumacaw ""just act casual, maybe she didn't notice""",ğŸ’œ
killa33la morning clarence have a great day brother .. ,ğŸ’œ
"foreverebangtan careful what you promise!! i don't need merch dear army, seeing a tae selca will be enough of a giftxx",ğŸ’œ
bangtoorikim_12 bts_twt pork pie hat hype stay alive listen to #stayalive vocals by #jungkook prod by #suga of #bts (bts_twt) out now on all streaming platforms,ğŸ’œ
rahul52340613 iamsrk thank you so much for your encouragements !,ğŸ’œ
taste,ğŸ’œ
i'm waiting for the surprise,ğŸ’œ
bts_twt omggg i missed you,ğŸ’œ
"bangtoorikim_12 bts_twt boater listen to #stayalive, produced by #suga and sung by #jungkook of #bts bts_twt",ğŸ’œ
bts_twt hi jimin how are you,ğŸ’œ
good morning #nftfamily !! wishing everyone a safe and healthy day! take advantage of the amazing opportunities you are presented and don't forget to enjoy the small things!! life is short! be the change you want to see!  ,ğŸ’œ
goldsuga0613 godbts04 bts_twt i vote for #butter for the #bestmusicvideo at the #iheartawards bts_twt 36,ğŸ’œ
jiims done! wish me luck,ğŸ’œ
ughmane 92fuzzy92 bts_twt butter is here to stay. today and everyday. as army is here to stay today and everyday with bangtan. #bts_butter #bts bts_twt,ğŸ’œ
hn_nhjyce bts_twt ost king jin worldwide soloist jin #btsjin bts_twt stream and listen to #yours_jin ,ğŸ’œ
blckrem wish me luck kak i vote for #btsarmy for #bestfanarmy at the 2022 #iheartawards bts_twt ,ğŸ’œ
"theestallion she and bts, who looked like a scene from a movie",ğŸ’œ
rufanbase bts_twt rm i vote #butter as the #bestmusicvideo at the #iheartawards 2022 bts_twt,ğŸ’œ
"hamburgerface04 best to simply block rather than engage imho, if everyone simply ignores and blocks, they'll get bored and go away",ğŸ’œ
laineyfaye go babe !!!!!!!,ğŸ’œ
3rdguyfromleft jolienne74 bts_twt i mean ,ğŸ’œ
jungkook_sns bts_twt congratulations jungkook listen to chart topper #stayalive by #jungkook (prod. suga) bts_twt,ğŸ’œ
sweet_0 got7official bambam1a bambam #bambam #slowmo #whoareyou #got7 bambam1a bambamxabyss got7official,ğŸ’œ
jimin on twt,ğŸ’œ
jungkookie ,ğŸ’œ
the urge to get a small digital camera to capture moments proves i am the mom friend.,ğŸ’œ
"bts_twt our pretty puppykitty jimin, missed u",ğŸ’œ
but then again imma have to worry about charging the apple pencil if i ever buy one (which i have to or how else am i gonna draw tho ) i'll worry about that eventually...,ğŸ’œ
grand rising,ğŸ’œ
meltarg ericnamofficial u still looking for tickets? i have 1 for the beacham show. dm me if interested,ğŸ’œ
itsmexcandy it ain't even get through the recap lmao,ğŸ’œ
str4wberymilk follow,ğŸ’œ
seokjin_1204hz bts_twt yours truly supertuna listen to #supertuna_jin most viral song and #yours_jin best ost of 2021 by #btsjin #jin # bts_twt ,ğŸ’œ
"mcflurry_lv need to see, i hope you feel same too bts_my_lyf jinn_joonn novaparkpark kaminijaiswal18",ğŸ’œ
kihyuniyochin thank you!!,ğŸ’œ
i miss u,ğŸ’œ
all taken except b1rm set b1jin set b1hobi set b1suga set get them na po so we can proceed sa batch 2 if madami pa po interested!,ğŸ’œ
"alkaloid has always been there for me, e-even when i don't think i deserve it... to pay it forward, i'll always be here for you, too...",ğŸ’œ
mikeskillman1 you are exactly right we all are,ğŸ’œ
btfseok i wish they do and i have time like i m kida young now so maybe in future,ğŸ’œ
taehyung_ow im gonna send you dm bub,ğŸ’œ
the cute version of jin,ğŸ’œ
baby_mochimm7 evet,ğŸ’œ
"evrocioe dinilovesart yep yep yep fire and water. tae points to jk and says, i have him. jk is water. jin says: you two will always be together/you two will never separate",ğŸ’œ
all praises to god goodmorning have a very blessed sunday #godbetheglory #thankyoujesus ,ğŸ’œ
le_rj21 good luck,ğŸ’œ
bangtoorikim_12 bts_twt bucket hype stay alive listen to #stayalive vocals by #jungkook prod by #suga of #bts (bts_twt) out now on all streaming platforms,ğŸ’œ
jimin,ğŸ’œ
a gday friends happy day 1,ğŸ’œ
seeundom actually she's my 2nd. so she might end up being my bias someday. but it's kyujin now.,ğŸ’œ
arty566 and who could blame you. it's bloomin scary,ğŸ’œ
taeourscenery take care,ğŸ’œ
bird who commits mail fraud,ğŸ’œ
enhypen d;d pob sunoo and jay with bus card onhand 300each ,ğŸ’œ
#mlpfim #mlp surprise ,ğŸ’œ
_dammyb_ your eyes,ğŸ’œ
btsarmy_crew 92fuzzy92 bts_twt bts army - together 4ever i'm voting for #btsarmy as the #bestfanarmy in #iheartawards bts_twt,ğŸ’œ
dearjejey follow,ğŸ’œ
bts_twt jiminnnnnnnn ,ğŸ’œ
cute awww,ğŸ’œ
alinesousil comer?,ğŸ’¯
philohsofar a pint?? nthawi,ğŸ’¯
imagawa's home run nice pitcher relay from the fighters,ğŸ’¯
babe i don't mind going bankrupt because of your elegance and mindset let rule the global together,ğŸ’¯
adam_russell5 turfgrasstiger mikerollinssip i'm not a turfie but i'm supportive of the industry. my background is education. i will help in anyway i can! i see what it means to kennedy and she would have never known about it without her ag science/ffa teacher.,ğŸ’¯
look at my niece! so incredibly proud! shine bright lady!,ğŸ’¯
"rusiecki_jacek fheisbourg ilvestoomas it takes time to implement new aircraft. the present devotion of those who have the eastern flank is a weakening of these countries. besides, planes require airports. and these are an easy target. it is much more effective to hand over drones.",ğŸ’¯
"houston ml , ohio state ml and uncw ml you can take what you like what u don't .. single them or parlay them .. let's ride ( always keep it free)",ğŸ’¯
"people will love and support you when it's beneficial i'm forgive, i won't forget, but i'm dead the issue .",ğŸ’¯
#youngsmokes speaking facts! [via smokeslocc] | audiosaviours ,ğŸ’¯
godsprovide_03 fireboydml wow very much like him,ğŸ’¯
"keiigane lapatina_ agreed . unfortunately anytime something bad happens linked to a culture, this happens. same with asians being attacked for covid. i guess you can't fix stupid.",ğŸ’¯
junghwan is that main lead in every drama and wattpad stories. the chick cool guy,ğŸ’¯
hello twitterverse! another beginning of the week is here! i don't know what you're planning to do with your week but i'm going to make the best of it. let's keep crushing it!,ğŸ’¯
hand >>>>,ğŸ’¯
well deserved win for the fclfc_ boys we wasn't quite at it but that's more to do with them being better today so full credit to them good luck in the next round lads also a mention to our referee drh1971 let the game flow & had a very good game in the middle,ğŸ’¯
aapki_behan1 indeed,ğŸ’¯
edmundoris yh... very secured,ğŸ’¯
dj yk netflix download now,ğŸ’¯
"if my wife were to be around, i won't be having breakfast by 3pm. i need that woman in my life more than i know.",ğŸ’¯
a rare treat given that it is a fans appreciation special ahead of #tjpwgp22 doratles. definitely kawaii on araiyuki57's gear!,ğŸ’¯
roxannejolly3 thank you roxanne! you too have a nice day,ğŸ’¯
ibikunohamilton renoomokri now judge yourself! should unhealthy person run this nigeria? comrade mumu?,ğŸ’¯
wizkidluv everyone knows,ğŸ’¯
"our 'unpublished mixes, vol. 11' is available for pre-ordering and will go out the next friday on traxsource! incl. tracks by djpatisso, madsequencers, redeepsoul or bl8key1. 'you gotta know' is in the top 100 pre-orders list. [#41]  ",ğŸ’¯
lovenewestnuest woooaaahh good sht,ğŸ’¯
"i had this one chick i had my doubts bout, had a feeling she was fw this nigga behind my back, she denied it so im like ight koo i trusted her lmaoo as soon as we broke up she was all on dat nigga dick and my dumbass fell for it always trust ur gut feelings",ğŸ’¯
belly_bubbles streamlicb onnetflix #donbelle #donbellempire,ğŸ’¯
getseen360_ with every storm comes sunshine,ğŸ’¯
i'm waiting for my sis to do the flag the face some iykyk,ğŸ’¯
missufe done,ğŸ’¯
so good to see with fellow connor_syme modestgolf with his arm around ewen ferguson ewbof after ewen's bitter disappointment kenyaopengolf muthaigagc #magicalkenyaopenewen this is the great thing in #golf record_sport ,ğŸ’¯
bindaas_khushi itsmeemahesh _pravii__ kalyan_cult_24 ryuk_belfort alwaysbalaji95 sravanitarak_ urstrulydurga kalki_dboss vinay59301189 sushanth_here urstrulymadhu05 nikhiln73864127 urstrulybobby11 love me for love back,ğŸ’¯
"you people should free maraji joor . you see this relationship matter , no manual for them matter.",ğŸ’¯
jiims done,ğŸ’¯
ptipromote1 fallow back taswarsial,ğŸ’¯
airdropdet happylandplus great projects this project to the moon,ğŸ’¯
zelensky is a g i can't lie man. i wish he took putin serius and prepared for the war properly but i can't lie he's got my respect. his leadership is top notch #fiskunit #ukrainerussianwar,ğŸ’¯
#nowplaying clock in monaky_felaboi #sundayattherhythm hit songs only djfxng in the mix,ğŸ’¯
tired as hell smh,ğŸ’¯
mikie_wait learnengli5h you're right,ğŸ’¯
streamlicb onnetflix #donbelle #donbellempire,ğŸ’¯
shadowshahriar i guess fellow front end devs like jh3yy and _ronnietech would agree on this,ğŸ’¯
hareesmunir indeed it is,ğŸ’¯
mikeskillman1 you are exactly right we all are,ğŸ’¯
yes lord,ğŸ’¯
buryevidence staceydee12181 i concur,ğŸ’¯
blackpink the standard,ğŸ’¯
"deptoflabour fantastic, superb",ğŸ’¯
asemota papiflamz your flight for japa is ready,ğŸ’¯
jah_guid dopeness,ğŸ’¯
aye kohli not give heart attack such sudden post need you win score more runs u captain we not want but player,ğŸ’¯
donbelle_islayf streamlicb onnetflix #donbelle #donbellempire,ğŸ’¯
imvkohli king,ğŸ’¯
#sk20 - student becomes teacher.. #sivakarthikeyan acting as a tamil/telugu teacher in the film.. and heroine maria acting as english teacher in the film.. ,ğŸ’¯
our story didn't end well but it is still the best one. i know .,ğŸ’¯
ericdsnider need this,ğŸ’¯
thedefiedge thanks for sharing this! #avax is the way,ğŸ’¯
thedefiedge well put,ğŸ’¯
yesterday checking out some hoops action tayelordavis griertaliah ladychargerswbb ,ğŸ’¯
sneakerheadsoff happy to be here!!,ğŸ’¯
r_netsec stevenacurtis excellent ... we all know how well tanks work on water and in mud ...,ğŸ’¯
"""just checking up on you"" means alot fr",ğŸ’¯
grumpyboy6759 thealienboynft that paperboy hat is champ.,ğŸ’¯
iam_ahuoizaa tenientertainer how far? why you no shut down nigerian idol,ğŸ’¯
atricure 44 to 66% is considered a success rate?,ğŸ’¯
i need me one. ima frog man myself.,ğŸ’¯
toady rohit sharma captaincy is on another level #rohitsharma ,ğŸ’¯
facts only,ğŸ’¯
i'm her peace happiness & her pornstar,ğŸ’¯
"35,000 naira only ",ğŸ’¯
a pick a day will keep the doctors away #10uloading #rjpope17 recruitgeorgia #builtbybama #timetappedin #youthfootball #georgiayouthfootball ,ğŸ’¯
thatkevinsmith this is the best one!...,ğŸ’¯
"had a great day yesterday, couldn't of been better",ğŸ’¯
"starly iv: ( 15/15/15 ) cp: 667 lvl: 35 dsp in: (54:12) 40.289613,-74.052824 #pogoconnection",ğŸ’¯
opitmusprime2 optimus we miss you,ğŸ’¯
dbngplt streamlicb onnetflix #donbelle #donbellempire,ğŸ’¯
pmoneyacademy more wins,ğŸ’¯
we didn't appreciate all these things then. respect to king baddo.,ğŸ’¯
i can't just wait for friday to come so i can. listen to my boy terri terri album will head davido career once and for all ,ğŸ’¯
lady whistledown is carrying this space ,ğŸ’¯
kanyepodcast i know. i need these.,ğŸ’¯
"regcharging granny was a % cherokee.. i must confess, that's a big ole ",ğŸ’¯
"""swerving'"" fast hype type beat free download available  #typebeat #rap #hiphop ",ğŸ’¯
thru all the ups and downs. politics and doubts. he still got back and thru it. made him a . yesterday's price is not today's price!! ,ğŸ’¯
"ghenhiskhan softbengbeng when you don finally buy am, we are here to make sure you are always getting orders for your riders",ğŸ’¯
batman vs. the hulk ,ğŸ’¯
lol my fav & my goat that year,ğŸ’¯
amongfinance good project,ğŸ’¯
noturlu streamlicb onnetflix #donbelle #donbellempire,ğŸ’¯
find a woman who'll protect you and your name even without your presence,ğŸ’¯
"ion know how or what to feel anymore ,",ğŸ’¯
no more trips for the rest of the year.,ğŸ’¯
bswarraich right,ğŸ’¯
dareal98baby blood can always come up north,ğŸ’¯
#whitemediocrity is the #1 killer. ,ğŸ’¯
"another day, another opportunity",ğŸ’¯
thenftdude wonderful! congrats on launching the newsletter and thanks for sharing your knowledge and enthusiasm! looking forward to many to come.,ğŸ’¯
32 and 10 in a substate game is a flex aves_865 that's what you do!!! double teams every game! don't blame them! jennsullivan02 13 and 10 assist very versatile! big goals and missions! let's finish the ride,ğŸ’¯
"thekarmacats do you want promotion? i,m admin of many top promoters promoters(with active2.3m,1m,761k,654k,571k,567k, 561k,371k,635k,894. followers) our promotion will be excellent so send me dm let's talk about promotion",ğŸ’¯
canopycrypto impressive,ğŸ’¯
darling #prabhas looks so stylish and cool. small edit my side #radheshyamonmarch11th #radheshyam ,ğŸ’¯
phoreverim gift and a curse i swear,ğŸ’¯
shill me your favourite #altcoin gem you are holding for short term 100x #crypto #cryptocurrency #hodl #100xgem #shilling,ğŸ’¯
3 followers needed. fb follow de do guys #pathaan #srk ,ğŸ’¯
happy 600 followers! thanks guys. celebrate even for small achievements,ğŸ’¯
most related tweet,ğŸ’¯
"mathibanetebogo me_beaumont hermanmashaba , he loves this country more than ramaphosa ever could.",ğŸ’¯
"pikipek % cp: 780 level: 30 middletown 40.640005,-75.390630 #hundo for more coords follow pogohubofficial",ğŸ’¯
"pikipek % cp: 780 level: 30 middletown 40.640005,-75.390630 #hundo for more coords join us on discord see pinned link",ğŸ’¯
"5-5-2021 george jung passed away rip ""el americano"" legend ",ğŸ’¯
"will add those buyers sa gc for batch 1 para isahang updates and questions nalang ps. don't worry with your items mamshies, we do have box and we purchased directly to kr suppliers ",ğŸ’¯
artists_voyage binance so cute,ğŸ’¯
axielima gm really appreciate the follow much love,ğŸ’¯
stay strong life does not recognize the borrowers ,ğŸ’¯
breathekohli imvkohli he will not just play 100 but i hope he will victory 100 of 100 because man is victorious love from the cricket world of my soul,ğŸ’¯
"omg! 2, weeks! then, as murry walker would say, it's go go go! i look forward to the first lights out in bahrain. #f1",ğŸ’¯
do your homework .. still early in the game so if u pick the right ones you could make a ton of cash ,ğŸ’¯
belindamahalko streamlicb onnetflix #donbelle #donbellempire,ğŸ’¯
goosebumps video #beast || actorvijay ,ğŸ’¯
"nickbrrrrad fergusontonyxs schizovania straight up el cucuy would slice and dice with the meanest elbows on the planet cso tony ""peoples champ"" ferguson",ğŸ’¯
im really not sure why any country won't take up a upi sort of project or cut it's treasury holdings of ust. ominous signs,ğŸ’¯
every problem don't need a reaction,ğŸ’¯
natererun wbk beyonce is a top ,ğŸ’¯
"when i see people up early as me! i instantly smile, cus im like look at my soul tribe !! no slacking at all!",ğŸ’¯
everytime,ğŸ’¯
"mhdihaghipour1 shib_nobi #shinjathenext1000xgem the best crypto project, and community ever created! #shibnobi will create generational wealth for all those involved. we can't be broken/destroyed. we are the #shibnobi clan/family. #shibnobi_dojoswap! #shibnobi_wallet! #shibnobi_blockchain! ",ğŸ’¯
"creature49 i'm sure you'll win one of those giveaways eventually bro, keep up the grind",ğŸ’¯
"i thought l had survived bathing for 1,2,3 days but now it's going out of hand nwscug help me l was joking,now l want to bath ",ğŸ’¯
i know that's right,ğŸ’¯
mrbrikila1 teyhealer finally i got to see a come back worth it,ğŸ’¯
glasschipguru atleast ours anyhow,ğŸ’¯
donswack catch you in the spaces big dawg.,ğŸ’¯
you inspired me winona ,ğŸ’¯
bored,ğŸ’¯
alyssametaverse all the boredmummywu i can ,ğŸ’¯
best in drinking garri,ğŸ’¯
"juliettekayyem it's a nice second, but #1 all the way",ğŸ’¯
codyjamesart we stay strong and try to get the alphabot-army rolling here #alphabotsociety #letscro #staystrong #againstthenoice alphabotsociety,ğŸ’¯
pintupahadi afficasm ayub94311111 athar_65 sanalispark_ follow me and i'll follow back immediately,ğŸ’¯
bullets like curry we really don't miss,ğŸ’¯
bypa_ am watching u kdi,ğŸ’¯
im really the reason 25 kds started out here,ğŸ’¯
#nowplaying nakupenda iammayorkun #sundayattherhythm hit songs only djfxng in the mix,ğŸ’¯
warring_women coybarker thank you god almighty amen amen amen,ğŸ’¯
stinaxlynn85 nytimes this ain't new about how much time she'll do so she better get her mindset into ....i'm gonna do jail time in russia for smoking drugs,ğŸ’¯
josephlh44 right,ğŸ’¯
roserenrose that's a waterfall i'd love to chase,ğŸ’¯
whyy you bother me when you know you don't want me.,ğŸ’¯
"but unlike travis scott, batman doesn't kill people",ğŸ’¯
negative thinking hurts your immune system.,ğŸ’¯
porterhtp_sc jakecrain_ they kept playing when agim faked an injury because he saw there wasn't enough men on the field,ğŸ’¯
"maraji got married to her ex who once broke her heart a good one for her, the best advice i will give you out there is not all story can be the same also her story can't be use to shape ur life. if ur ex ghosts on u after breakup, or vice vassal, let the person be. happy sunday",ğŸ’¯
tejinder013_nc ajazjan % correct,ğŸ’¯
doccoachkrobb why my boys won't won't sit the table with me anymore i've got a resting mf poker face ,ğŸ’¯
nato and us is supporting ukraine like dupatta of this lady ,ğŸ’¯
dr romantic will always be my favorite medical drama. dr kim supremacy!,ğŸ’¯
kevinemmilie4 avivawinesea #asap #sunday christrwey christrwey christrwey i follow you back instantly,ğŸ’¯
promotion time!! like/retweet link your yt/twitch help each other follow me! #smallstreamer #smallstreamersconnect #supportsmallstreams #supportsmallstreamers blazedrts sme_rt fmc_rts promoteamgamers rtsmallstreams supstreamers promo_streams spideyrts,ğŸ’¯
"clintehrlich leptopterygius now, we know why you communicate the way you do. everything is clear.",ğŸ’¯
"akolawoleadams mbappe has been their best player this season no doubt, like psg themselves has been playing well.",ğŸ’¯
random_red why would that mean time to go back to ur corner (maybe i'm stoned but i don't get it) ,ğŸ’¯
6 yrs later & he still showing me he ain't go nowhere in spirit only physical,ğŸ’¯
this!,ğŸ’¯
grand rising good morning everyone have a great day and remember yourself and stay healthy be safe and always be cool,ğŸ’¯
"#___audiobook by reading and following the book jeene ki raah, god will reside in the home. - sant rampal ji maharaj you can read the book or you can listen to the audio book from our official app sant rampal ji maharaj ",ğŸ’¯
nabihaq3 hey! hey!! hey!!!,ğŸ’¯
banneronchain thank you so much for the giveaway good luck to everyone videshn osmondlange actionjacksonsa,ğŸ’¯
punk6529 literally spells it out in the acronym,ğŸ’¯
rihanna - needed me__aac_128k,ğŸ’¯
alextyrrellpvq especially since nato never had any intention of allowing ukraine to join... this war never had to happen...,ğŸ’¯
"sally williams, ilove you!!!!",ğŸ’¯
lovely__naaz burniton_gad dreammoni45 burniton_gad let's be mutuals,ğŸ’¯
meghansai1 actormaanas so happy for u sai yeah he will become a great hero #maanas,ğŸ’¯
something must be wrong with me. i'm convinced,ğŸ’¯
good woman deserve to be loved properly,ğŸ’¯
"jiraiyareal absolute truth , well only if you want to succeed !",ğŸ’¯
all over the tl is the flag the face the face?? arh chale which face,ğŸ’¯
#nowplaying baddest boy kidakingin #sundayattherhythm hit songs only djfxng in the mix,ğŸ’¯
captainortega_ the pose,ğŸ’¯
dj_abba you've to mention that on that song ...... you'll be like: am tryna complete a song amma babu nepa ga scarcity of fuel babu ko na hawa vespa af got this verse from a boy named khalipa,ğŸ’¯
don't make promises you can't keep & don't burn bridges you can't build again,ğŸ’¯
back to being antisocial,ğŸ’¯
"writethewrongs2 one thing #brexit achieved is that it confirmed % that referendums are a really bad way to resolve complex stuff. a referendum on the #climatecrisis and net zero, which is undeniably complex, would be an epically bad idea.",ğŸ’¯
happy sunny day #sunday ,ğŸ’¯
oreoluwa_sugar dope!!,ğŸ’¯
a beautiful day indeed ,ğŸ’¯
endartery indeed every doctor has to prove to their tribe some or other way that they are worthy and doing something good even to non medicos family that's stress is of different kind coz they can't even understand d the complexities but expect a lot.,ğŸ’¯
