Tweet,Emoji
"dianacoco_ pretty face, tiny body with big breast and waist",0
theapplehub that is creepy,0
"ain't this a body-shaming!! it was meant to be a question my fingers and i, we laughing i can't find a mark ",0
"_calculator morning garth, trust you are well. no, medical parole, is the cure all, after you receive the 'medical parole ', all life threatening illnesses seams to magically dissappear",0
shivapunishbjp rahulgandhi dynastical bootlicking is intoxication ,0
sendoshin yes. but it's also bread texture holds the seeds. keeps them a little more spread out.,0
"tinyxpants thanks dude, nice to hear! i had some fun with that one",0
happy international womens' day chatterbox_mike it just had to be today bah? well no be you go make me dey politically incorrect today,0
"samcourtney16 mism_2022 thank you, your grace, not sure how to address you correctly, let me know how the pantomime's going",0
mattgault1 you have no job. it annoys you every night you go to bed,0
"russian residents, although visa and mastercard are pulling out, just know that your options are not over. mister satoshi nakamoto can lend you a hand ",0
"kirsty7169 well, gotta try and impress a poet somehow!",0
im just praying my kid don't have covid,0
am i a baddie,0
behavioralinst so i'll make the trip to see you dance too!,0
"enhypenjek hii! here you go >:d enjoy your mint choco donut, jake oppa ",0
perfectpussyuk here we go again....,0
innocent face of ( vikram aditya ) #radheshyam,0
the_lalalandd nativebanter heck yeah! i'll be the guy on top like .,0
freshyuchiha i would use your code forever,0
utsav_kadia aksinngh kksdy pmoindia aiteea_india ashwinivaishnaw all the best for your work.,0
barakatu_a you never see anything,0
how can we save nale when she nominated themba how can we save planet when she was almost raped by themba ? how can we save ? suddenly ghost nation is important in these twitter street never i'd rather say every one who's ghost must save gash #bbmzansi,0
hamzajnr politics for you bruh,0
rockbmi shocked you were in bed so early for you,0
zach : i dont care,0
leoniewoolf back at you ,0
"kingblackbored make sure you take lots of hdds full of movies, tv shows, (porn?) and a copy of pinballer! working offshore is monotonous, and having things to help kill time are a must *i know you're only joking though*",0
can't wait,0
"this pool table scene in #goodgirls s4:e3 of rio & beth beth: like that? rio: yeah, just like that. just hit it straight, okay. i need this character in my life #netflix #mannymontana ",0
hope all my amazing female followers have a great #iwd2022 day and mrss_butcher as well ,0
vlaunchcom eyes on those secrets,0
"desikitteh see ""unless the point is"" above.",0
for award function ,0
"zminkyu yaaaay! make some noises! thank you, little puppy.",0
cordeliaprym me has hecho un pedazo spoiler... wordle (es) #61 1/6 ,0
diplo love you and your fun dip hair,0
strange_g sandechin callitasuseeit1 it wasn't me this time,0
conspiracytalk9 can't have something that works have you gone crazy why would you ruin the wef plans they worked so hard on ,0
ducheszsonia clara_babyg who took this beautiful picture?,0
joncoopertweets as it should be,0
"look,this is our belt cutting machine. ",0
textcanvasbot dark led,0
sunnieshyck jeno be like:,0
petemorristwit i'll pay for their flights,0
dishapaintment south indian is the new trend in my feed now... ,0
ikrithishetty i would have..if u were my wife....,0
i had a part time job as a passenger service agent at the airport when i was still a student. zhang zhehan reminds me of those elderly people i used to wheel to the gate in these electric vehicles.  ,0
iamwhatiam300 now it's confirmed,0
"for daily gains on the notification ,",0
talking about women's day! i would like to tag my seniors promanautiyal madhurbansall kriti24suchi brandedkavita thanks for supporting my tweets with kind heart other womens/girls of my age more power to you too for loving my more upcoming tweets,0
my boyfriend just fingered tf outta me and he ain't afraid of a toy  video dropping tomorrow,0
laurajanegrace it'd make a cute dildo or vibrator bag,0
3dpunks_ i love this giveaway cuz it makes me think i'm gonna win all the 3d pepes dantonski fatpaket thezeneral,0
kyatweetkia pandey g,0
#bbmzansi nale and venus friendship is beautiful man,0
pikaso_me screenshot this,0
typixh link here ,0
taya95_ they are blushing and i'm also blushing taya sooooooooo ccccccuuuuutteeeeee ,0
alison1mackitv paulettehamilto itvcentral she's a lefty,0
i just feel like sum finna go wrong i'm praying it dont,0
pyjama_ceo so sorry but here's why you really should reconsider...,0
ebrahim77043925 fell madly in love with sila,0
desires_more why politics join kar li kya,0
mentally and physically tired of life lmao,0
hey people - it's tuesday! - indesign soldier day however as it's also international womens day i'm dedicating my show tonight to our better half's with some new skool hardcore & jungle! 20:00-22:00 | 080322   ,0
"geocon1713 i'm a musicaholc.love rock, metal, soul, indie, dance.pretty much anything that's good (no boy bands/beiber nonsense) so it's safe to say i'm a multipursonality..",0
merlinox no of course not i thought i dm'd you yesterday. i think it's unsent on my laptop,0
"me to my brain,.. calm down you just met him yesterday ",0
mirunaravii thedotntheline i hope imlie doesn't shift sita maiya to their bedroom post marriage,0
"damelonbcws perhaps a bit like drugs and alcohol: some of it can make you feel better, at first, until you hit the limit.",0
"finally, india has launched a upi service for phones, now no need for internet connectivity and smartphone, things only need is money into your bank account #upi #fintech",0
all 365 days are women's days but it is humbly announced once a year!!,0
cassy_gassy happy to oblige!,0
saloon_kada to add to this why #etharkumthunindhavan ?- for #vijaytv fame ramar comedy also #et #etfrommarch10th,0
"beninrihanna you know that these cliches are hardly ever true. for example, guys with big feet have big....... this is so not true, alongside other cliches like it",0
flalesslstlred effizzzyy olay shower gel,0
"rmcadelblue jcaramac likes a forehead. brendan o'neill in with a shout, post johnson's next pecadillo",0
cooking show.,0
from a lovely lady who loves mowing her lawns ... i swear living here in south east qld at the moment that the height of cut on my lawn mower is up and down more than a brides nightie.,0
isbunited imamulhaq12 imabd28 credit goes to pitch curator,0
alexababenews nice position,0
"cheekyvic well, you shouldn't miss it! time for a coffee perhaps?",0
louloupetite well placed leaf to hide yer vagene n you have nice bobs lol,0
my 2nd fam,0
mediatak_18 nope its 75 gc pie,0
erensuglybrows i think twitter's telling u that i'm right and u should shut up,0
markdennison bbcnottingham money for nothing please. ps: you reds,0
"sab promo theories bana rahe hai& 1main hu thinking what a fun it is if holi pe akshu in this dress,abhi run behind her holding her pallu, harsh seen this drink bhang a lot&then dance with abhi,manjri,akshu on song pallo latke maro from shadime zaroor ana movie #abhira #yrkkh ",0
bhadmejaosare chappal,0
leahdefence oh i didn't realize that,0
women deserve to be celebrated everyday! the good ones i mean. #internationalwomensday #internationalwomensday2022,0
"petefnrocks reality0077 bly_nell yeah we really lucked out ,he's a real keeper !!",0
darlasauler good luck ms darla. go go go.,0
ukgirl1988 happy tuesday.,0
"njerimuchina2 athuuuuuuri, muagaga ni ri! ndio hii checklist; - don't be flashy - be a mubaba with a decent income - omba small monies - jiheshimu - be emotional (as in, jua uchungu wa pesa ). my m-pesa is open.",0
yes sir!!! #vibratehigher #missionvision #itsalwaysthelittlethings ,0
"hey, maviagame ! my nephew is ready for game start and wants 1 more land! skricestudios nhancv #maviaelite ",0
lracquelx you to,0
biya_2205 are u single ,0
yjihwang do i qualify enough as your 'material girl'?,0
c'mon rahulkanwal don't play with sardesairajdeep 's emotions..,0
"mattyglesias wake up!the agreement of stalin, roosevelt and churchill is a symbol of the betrayal of the western allies towards poland and their consent to the subordination of eastern europe to the totalitarian soviet empire.",0
synergyzequ bro these floods are crazy,0
who's up and fancy's a play,0
officialdhebbza okay,0
we own your mornings!!! : calm down ~ heisrema | #topuptuesday on #breakfastinthecity with chiweteonyema x bybisasa #number1lifestylestation #internationalwomensday2022 #maskup,0
neonpez hahahaha no worries my choice won anyway,0
"laurengrant981 just as well too, i'm a terrible cook!",0
bellarosa000 hope you like it ,0
arslanfantastic mazherarshad also shows the dead pitch,0
meekarthur256 good dear,0
tiktokprivate wonted to eat them,0
"' , ",0
lhart41 georgeaylett julietb270880 i'm sure the extra pee is significant,0
love_ibanga me too,0
nleeboy aren't you a minor?!?,0
"misskaahaani ro-woon got hundreds or maybe thousands of asowe in his head but managed to hold to keep evrything slow. ro-woon a true definition of persistent and resistant! han-na : lowkey ""enabler"" what with that t-shirt with no bra underneath??? she knowss ladies.. she knows.. ",0
cathrinmachin nice 2 moon painting,0
ibk_eleja morenike_y because na my baby,0
moorebackup good for fun com is gautama toulon moorebachup ,0
my pretty iamadrienholtz! how are you?) artstylemimi #278 was a loser( but everything has changed! she found a mask and became a superhero) who is ready to fight criminals! how do you like this turn of events? ,0
fayaaz_takkar_ spot on,0
ftderpy oof there it is,0
we own your mornings!!! : mercy ~ adekunlegold | #topuptuesday on #breakfastinthecity with chiweteonyema x bybisasa #number1lifestylestation #internationalwomensday2022 #maskup,0
"dianacoco_ pretty face, tiny body with big breast and waist",0
theapplehub that is creepy,0
"ain't this a body-shaming!! it was meant to be a question my fingers and i, we laughing i can't find a mark ",0
"_calculator morning garth, trust you are well. no, medical parole, is the cure all, after you receive the 'medical parole ', all life threatening illnesses seams to magically dissappear",0
shivapunishbjp rahulgandhi dynastical bootlicking is intoxication ,0
sendoshin yes. but it's also bread texture holds the seeds. keeps them a little more spread out.,0
"tinyxpants thanks dude, nice to hear! i had some fun with that one",0
happy international womens' day chatterbox_mike it just had to be today bah? well no be you go make me dey politically incorrect today,0
"samcourtney16 mism_2022 thank you, your grace, not sure how to address you correctly, let me know how the pantomime's going",0
mattgault1 you have no job. it annoys you every night you go to bed,0
"russian residents, although visa and mastercard are pulling out, just know that your options are not over. mister satoshi nakamoto can lend you a hand ",0
"kirsty7169 well, gotta try and impress a poet somehow!",0
im just praying my kid don't have covid,0
am i a baddie,0
behavioralinst so i'll make the trip to see you dance too!,0
"enhypenjek hii! here you go >:d enjoy your mint choco donut, jake oppa ",0
perfectpussyuk here we go again....,0
innocent face of ( vikram aditya ) #radheshyam,0
the_lalalandd nativebanter heck yeah! i'll be the guy on top like .,0
freshyuchiha i would use your code forever,0
utsav_kadia aksinngh kksdy pmoindia aiteea_india ashwinivaishnaw all the best for your work.,0
barakatu_a you never see anything,0
how can we save nale when she nominated themba how can we save planet when she was almost raped by themba ? how can we save ? suddenly ghost nation is important in these twitter street never i'd rather say every one who's ghost must save gash #bbmzansi,0
hamzajnr politics for you bruh,0
rockbmi shocked you were in bed so early for you,0
zach : i dont care,0
leoniewoolf back at you ,0
"kingblackbored make sure you take lots of hdds full of movies, tv shows, (porn?) and a copy of pinballer! working offshore is monotonous, and having things to help kill time are a must *i know you're only joking though*",0
can't wait,0
"this pool table scene in #goodgirls s4:e3 of rio & beth beth: like that? rio: yeah, just like that. just hit it straight, okay. i need this character in my life #netflix #mannymontana ",0
hope all my amazing female followers have a great #iwd2022 day and mrss_butcher as well ,0
vlaunchcom eyes on those secrets,0
"desikitteh see ""unless the point is"" above.",0
for award function ,0
"zminkyu yaaaay! make some noises! thank you, little puppy.",0
cordeliaprym me has hecho un pedazo spoiler... wordle (es) #61 1/6 ,0
diplo love you and your fun dip hair,0
strange_g sandechin callitasuseeit1 it wasn't me this time,0
conspiracytalk9 can't have something that works have you gone crazy why would you ruin the wef plans they worked so hard on ,0
ducheszsonia clara_babyg who took this beautiful picture?,0
joncoopertweets as it should be,0
"look,this is our belt cutting machine. ",0
textcanvasbot dark led,0
sunnieshyck jeno be like:,0
petemorristwit i'll pay for their flights,0
dishapaintment south indian is the new trend in my feed now... ,0
ikrithishetty i would have..if u were my wife....,0
i had a part time job as a passenger service agent at the airport when i was still a student. zhang zhehan reminds me of those elderly people i used to wheel to the gate in these electric vehicles.  ,0
iamwhatiam300 now it's confirmed,0
"for daily gains on the notification ,",0
talking about women's day! i would like to tag my seniors promanautiyal madhurbansall kriti24suchi brandedkavita thanks for supporting my tweets with kind heart other womens/girls of my age more power to you too for loving my more upcoming tweets,0
my boyfriend just fingered tf outta me and he ain't afraid of a toy  video dropping tomorrow,0
laurajanegrace it'd make a cute dildo or vibrator bag,0
3dpunks_ i love this giveaway cuz it makes me think i'm gonna win all the 3d pepes dantonski fatpaket thezeneral,0
kyatweetkia pandey g,0
#bbmzansi nale and venus friendship is beautiful man,0
pikaso_me screenshot this,0
typixh link here ,0
taya95_ they are blushing and i'm also blushing taya sooooooooo ccccccuuuuutteeeeee ,0
alison1mackitv paulettehamilto itvcentral she's a lefty,0
i just feel like sum finna go wrong i'm praying it dont,0
studiogreen2 atf fav #muthazhagu #priyamani,1
gm dear community! how you doin' today? #nft #nfts #nftcommunity #nftgiveaways #freenft #nftcollectors #nftcollector #nftart #nftgiveaway ,1
"metrofmsa mog_moments dineoranaka the voice of the visitor anonza sound so sincere but mogal doesn't seem to appreciate what she is having,such a considerate guy.i feel sorry for anonza though",1
really loved the song this film is gonna be a masterpiece and the songs will be forever remembered for sure #mainishqmeinhoonoutnow ,1
f y w fc ' follow ,1
anoukwssls oml you're so beautiful,1
italy scenes,1
this is just a beginning now it's tym for something big & massive maas rampage #sarkaruvaaripaata urstrulymahesh ,1
sorry but run thaaat,1
if there's an event i will always go to - it's pantone tickets for this sunday secured x,1
jmurphdirty whew,1
#stormzy week today newcastle arena! xxx,1
rizaar_ bracketxnft billboards already going up.... kimssaqo maailsaf sthtruemilkk,1
1dalehardiman amazing,1
ayeshaadurranii lovely,1
"even with computer accessibility issues, she tackled traditional accounting and financial operations by leveling up digitally with khatabook. improving efficacy by generating digital receipts and executing online payments through the app. #womeninbusiness",1
shop always open guys ,1
taehyungscapri i love horror movies,1
mmeysyaa thankyou bub,1
dancing while touring pakistan they are enjoying here #ausvspak ,1
official_te0 ashblossoms_ i ate and left alot of crumbs ,1
enjoy your new age serwaa. more love keep making ghana proud,1
glesom97 shave,1
raecreateart hey raecreateart how are you?,1
now that's roman reigns ,1
ong!!! i'm so cute af,1
princenechecfr saw you this morning in my compound,1
prathme28697350 arfasays_ ka historic test match,1
pcktzthnkr hala congrats yel,1
alaa__hasanin glad you enjoyed it,1
dr_faithg youtube beautiful song faith downloaded ! thank you for sharing! will check out the film aswell,1
pyroblurred slay,1
duaa2418 debattama_sah love it,1
in my closet looking for gaps and take a top that i washed in zadar the smells brought me right back,1
kmanalysis i pray it booms goodluck,1
"it's the day of the #bestfanarmy ever! may you have a wonderful time today and every single day of this year is fruitful and exactly the way you want it to be. ilysm, pls be happy bobajoonuwu #btsarmy #iheartawards ",1
tori_cummings che bombeeeee,1
maybe_irfan areeba9211 afridi9211 fatima_9211 g jon,1
i am very confident chanwoo will shine even just by wearing the same outfit the entire drama. #ikon # yg_ikonic ikon_chan_w000,1
farzanehahdinft opensea so beautiful any other cool projects you are in?,1
mimiweneebebe official__wonho officialmonstax i love it all now i want to get more shelves for my room,1
roxyvls this is adorable omg,1
jerseyboysuk my eyes adored you,1
ba4shh kall_essy so you were taking her on a date the following day at 3am loolll,1
torentox15 i like lplays dyalk b irelia during iac,1
"i love it , they asked and dad go to take care #earthpirapat #mixxiw # #earthmix ",1
happy iwd to my absolute fave ,1
medhaanand2 so niceeee,1
its_shreejaa sidneet,1
jonathan #bhlove #twugtuesday ,1
ajin_nft such a hottie,1
jrjkjane can't wait to see my baby j jennie pour chanel #jenniexchanelfw22,1
rubikaliyaquat happy women's day,1
this song ,1
hameed_561 sabrinbd so beautiful queen,1
celebrating every woman. you make the world beautiful ,1
cspyrite yes i will!! ,1
everyone is posting their hololy vid of holo.. it's so cute and lovely~. gonna give it a try later!!,1
"judging breakups statements like those ""leaving the game"" and ""back in the game"" memes don't count as statements too",1
iamfzmalik abdulrehmanedge its_rabiasays jannat_imaam sandhaus_ jovariaakram fouzi_s mastoorahijazi simsimsim1930 nimraw15 rude_mishi aishamanzoor99 sadiaumarahmed k_pti9 shinyaqsa kaptaankisipahi bunchofflower3 thanks....,1
sahara4k imagine they announce they met up on april 1st n we all think it's a prank,1
respect is best humanity in the world ,1
jhosephllorente infinity_spa_ph plan to visit there next week pagdating manila.,1
kthv_twt_bts_ yess i am happy because you ask this ,1
"naughtyteddies pomoyuri nice, looking forward to this nft. art seem good #nft",1
surely one of the best song in the year. superb composition loved it #mainishqmeinhoonoutnow ,1
faiiirywings12 no doubt and looks softlike a twinke,1
wordle (es) #61 1/6 ,1
apk_chirps aishu_aadeez i vote we kword those idiots,1
aw gemes banget,1
annacuckolduk omfg,1
h a p p y ,1
"is there any car in the world that's as fast as the speed of an airplane before take off ??? that speed is fantastic, my fav part of every flight .",1
take me to goa again,1
thecoastguy what a beautiful pup,1
"carolvorders cambridge_uni you looked divine then and even more divine now beautiful , i just want you in my arms beautiful ( y couldn't we meet in the 70s, we could of still been together now beautiful , trust me !!",1
great to see you up and running with clubv1 terry and the team kirbygolfclub,1
atwiksdhixon baeine1 happy birthday to her,1
blizthersun mine is chihoon,1
great discounts to sweeten your most meaningful celebrations. surprise her with the special offers written all over our menu. #iwd2022 for reservations |0709702885 | (whatsapp)0775 643513 ,1
they saved the live so may mapapanood pa ko,1
this is for you dear mesmo! mesmodot your juicycats secret surprisetried to sing for you with passionthank youuu sooo muuch! #nftfam #gratitude #womensday #nft #nfts ,1
noobletariat they are the show for me! i want them to be my aunt and my big sis!!!,1
happy women's day to all of you #tejran,1
blaee7 alle so hot julesboringlife,1
happy international women's day to my mom and i ,1
sassy woo ,1
p_lh44 beautiful,1
racun tas under 60k link shopee   ,1
aqsaleelajamali looking beautiful both you,1
it's been long time i'm not posting morning my lovely south africa ,1
"gemhostofficial love you po,",1
"happy international woman's day, especially for this amazing human beings that always fought for our rights all over the world to be recognized as the icons they are today #internationalwomensday littlemix ",1
edyndenise edyn u hottie,1
kmanalysis we're definitely winning today,1
usei____ shez__001 i fell in love here,1
definitely lovable tofu!,1
gentler_soul_ ya rooo7ii thank youuu,1
"ilona_puschel thank you very much,dear ilona",1
thank you sis!!!,1
o_rennis thank you,1
how about a date night of dinner and dancing,2
"myguyitk heiskabyaar ndubueze_esther horqeengold teelacream1 samcostic same gumbody wey burna use achieve him only bb hot 100 entry.. jokes on u my guy.. e just clear me say na empty head u dey carry up and down no brain in it we winning here bro stay loosing nd hating there 69weeks+ on bb wa now, ur best project ever only did 36weeks..",2
i am participating in aexplus aex happy international woman's day airdrop events. join aex now:  name and tag the influential girl in the crypto field:,2
footballremind blueshite still took a hiding in that derby too. never change blooos,2
spacejam2942 polygon draftkings chiliz it's not released yet. but community believes rewards will be >10%. let's see if it's true or not. ,2
happy #internationalwomensday i hope you have all managed to locate your keys on phones today without assistance,2
entering the #metaverse #metaweek2022 ,2
nftnoobzz hope you will like this one ! ,2
namjin_superior je veux no not today fire mic drop save me fake love (yk why) tomorrow black swan aaaa,2
"djgranblue zackreese hmm you might want to look at the diagram again, or learn the alphabets",2
"arumlily92 lol...siyanai nezvepamuromo weduwee...the women are currently occupied with ""i stand with ukraine"" participation. they ain't got time for other stuff right now.",2
acemcclutch if by a few years is 'new' don't know the technical details but it does. some people still use it to their advantage to boost their general viewer numbers which is probably why it's there,2
"eeeeeewdavid heidimur no problems, you messaged me first",2
"tuesday wherever you are, whatever you're doing, whoever you're doing it, with, too or for have a triffic tuesday day......hey.....hey.....let's be careful out there ",2
ommasalma another bloody tory.,2
bellarosa000 in person delivery,2
2amsavage hope you will like this one ! ,2
mesni_burek we just look for shorts now bro,2
ghost_android thanks harry i'm spotted,2
grandmagertru20 i have that same problem. you just can't get good help any more.,2
scotsgirl5 looking forward to next tues already,2
brent0n_west you never know...,2
anaradoblep imperialcollege latamsoc lo digo como lat-girl in london once,2
"and if that means our fantastic abaerbock can tell #putin and his precious #nordstream1 to bugger off, then that is the cherry *and* the icing on the cake. and who doesn't like a good cake, right? 8/",2
"yes, i am looking at several relatives and friends here so, all in all, this debate isn't about trying to make financially troubled people suffer even more. it's about the rest of us being asked to leave our comfort zone and do some good here for 7/",2
"iamhappytoast on the other hand, alcohol exists which proves that not only does she exist but she wants us to be happy too.",2
bearallax dasmfactory bohemiaartfair think i was looking at your exact boho. beat me to it,2
"ttulin2 fully agree in substance, but, please, - mind your language (swearing only very, very rarely) - whatever your native language is, use a proper #ai translation engine, personally, i e.g. rely on  for adequate russian translations, thanks+all the best!",2
utdreport samuelluckhurst i hope all the players will be unhappy and want to move out from the club. then we can totally rebuild and reset.,2
chacoalhar_bem molim,2
here's to all women who shine bright and continue to shatter barriers and break biases. give a shout out (or a 6-pack ) to the bold women in your life today! #guinnesske #blackshinesbrightest ,2
barrenwaffetnft hope you will like this one ! ,2
moefire_ the_oladayo mister_ade5 but u said u asking for a virgin frnd??,2
"forget the promo,and look at this most naughty dulha #abhimanyubirla #abhirakishaadi #abhikiakshu #harshadchopda #yrkkh #yehrishtakyakehlatahai ",2
the local dinos have been up to no good again #happyinternationalwomensday #womensrightsarehumanrights #dinosaurs give it a watch and have a giggle! ,2
"keiajax i did professional dance before and i also had to quit it >.<, and maybe we will can see your stories (cuz u like writting )",2
"thank you for following me i always follow back here's a link to my latest shows..  ..if you get a chance, please pop over to #youtube to leave somes + comments. thank you stay safe, stay awesome & #keepitlite #satire #comedy #funny #humour",2
ozgokhann hermes_z women's day today...,2
fuck__that_b i want too,2
guy_leddy shipman_stuart tommytickover spig72 2stroke_stu philatcroft dweezil1000 owenkirby phillips_garry bellracing19 carpaediem93 doranmouse50 pintor7415 adamtommoo richardruscillo adeguest91 probikeuk good morning guy,2
chrisja01941160 hellzapop_in craigster69 mattletiss7 pretty sure half of merseyside have a panic attack every time everton play.. correlation is not causation,2
queerfrens top notch,2
"pobedeen thanks, hopefully you are right",2
"sa_mum swmarelise just_a_driver24 once someone said he will rather jump off a building than vote for a ""white man"" (it was some political tweet about elections) so when replied: ""so do that then "", i got blocked for 24 hours for encouraging suicide/self harm. i even had the winky emoji and all!",2
style:- fake it until you make it,2
"nc0303_ yep, no more money required on an average ticketing system and infrastructure, nor wages of ticket inspectors (normally i'd be against people losing jobs but that's one exception i'll make). ps- there's two lanes in that photo ",2
"iaponomarenko yeah the russians knew the biggest resistance in ukraine would be ""z"" zelenskiy they were right after all",2
"propolaris what are you up to i can't leave it, keep posting",2
kat11235813 good advise,2
"benmfreeman it must really kraink them that you are so handsome, talented and academic too upsetting all the right people with #jewishpride we love you ben",2
2stroke_stu shipman_stuart tommytickover spig72 guy_leddy philatcroft dweezil1000 owenkirby phillips_garry bellracing19 carpaediem93 doranmouse50 pintor7415 adamtommoo richardruscillo adeguest91 probikeuk morning stuart,2
"brockcipher what are you up to i can't leave it, keep posting",2
what a legend! truly inspirational and doing her thing and leading the way from the front (row) . happy international womens day to my rugby idol rockyclark_1 #alwaysfangirling #legend #internationalwomensday2022 #iwd2022 ,2
"chelletweets ashernotheis human rights are human rights. if you have special rights based on how you identify or by what you're humping on, those literally are special rights. hence why they are called gay rights, instead of being extensions of human rights ",2
gillaurencia good morning four. happy international women's day,2
philatcroft shipman_stuart tommytickover spig72 guy_leddy 2stroke_stu dweezil1000 owenkirby phillips_garry bellracing19 carpaediem93 doranmouse50 pintor7415 adamtommoo richardruscillo adeguest91 probikeuk phil,2
my crayzillas is king of the crayolia town he always sit on the throne and rules the town. kids love and need him so much. also me #crayzillasart1 crayzillas ,2
iain_l janela_x union jack on top,2
jyrhighness camimibalqis pen mera pen biru u cream me i sandwich u,2
"congratulations, georgina. good luck and have fun.",2
"freakindelight hey! we're a pair of fours, ann. 4 4 only, you got a ""i-worked-hard-for-this"" four. whereas i got a ""what-kind-of-voodoo-bullshit-luck-saved-your-ass"" four. ",2
trading tip of the day #26 extremely useful and relevant on both lower and higher timeframes to ensure profits and have the best signal entry you can join the channel:  #tradingtips #btcdailyplan #hctradecoin #cryptosignals ,2
philatcroft shipman_stuart tommytickover spig72 guy_leddy 2stroke_stu dweezil1000 owenkirby phillips_garry bellracing19 carpaediem93 doranmouse50 pintor7415 adamtommoo richardruscillo adeguest91 probikeuk morning phil,2
"special arrival in the post today - allyando18's deadly design arrived! we can rep the lions at parkrun two states apart now, nessgibson. who knows who you'll meet in the line for a token wearing one of these rippers (cc quentinhull)! ",2
"aintsbnineteen we gotchu, hanna! happy designing! ^ng ",2
"happy tuesday lovelies i thought i could hear val & vera from the butchers having an argument outside my caravan this morning. when i went to open the door to them, it turned out to be two seagulls fighting over a chip! i was really hard pushed to tell the difference.",2
21stcenturywire smile and get ready to run.....,2
louiseb85636379 be proud  an incredible mum to all your children,2
johnycassidy have we though hope you're well bud. chat soon x,2
theemovado meccamillion mattexbardi that's why they came up with the cover up.... why is caution tape ever set up?,2
greenhalgh_jo it is! thankfully the mist cleared just long enough for a photo,2
gretagraceband pepeco_2525 i watched your music video you guys are so cool,2
originalhsg that makes a change,2
therealduckbert adamlambert lyrical genius,2
amazon bestsellers in explore no.2 notitle ,2
keep myself safe,2
"to all the women all over the world, mothers,daughters,grand mothers, grand daughters have a happy woman's day",2
drop your handles let's you,2
"its very important to become a keen observer ...analyse how occurence of one event or circumstances will unfold in another and what will be implications thereafter !! the better u observe the better ur play becomes "" yeh duniya badi gol """,2
"sama_gautham_ and, pooja in this video",2
_oluwaseun9 alex_houseof308 dhavidote urpapadeycraze their mouth is busy,2
drewtoomany i suspect the fans feel let down though as she was a formative part of their childhood. she wouldn't like you to be using they/their pronouns in reference to her though,2
peterctid1965 bifana_bifana defo,2
somniafess both ? hmmm ,2
xgnnft hope you will like this one ! ,2
kaye_arian i love you too,2
diaz_samprass maids have work these days.,2
sgokbakar ay em okey,2
saved_sean_ happy birthday! try 61! i still haven't reached official maturity so; don't hold your breath!!!,2
a lot of folks in care homes are on liquid diets,2
ycalhagos_ leslai_sarcia both ahah,2
mksin149 labdelaaty pra g just focus on your microscope dude hope u have a good day!,2
nanceee_bee where your location? make i just come charge phone abeg nothing else,2
cryptocife hope you will like this one ! ,2
my stress reliever and you ,2
tydreamiurday okeeey,2
"vladmalik 3/3 celtic runes and created some mish mash of nazi brabble and german ancestory. this led to adopting the wolfsangel as a symbol for armed ss units. extra point of notice: the letter ""z"" doesn't even exist in cyrillic alphabet. please conduct proper research before posting...",2
getitinforrest strogdogg haha!! let's continue this discussion in the pub! you're on the first round! (ps am still right! ),2
mbrum666 you see this kiss it ,2
"classicallyabby benshapiro which just goes to show, you can never satisfy a woman.",2
jaynethedig poor excuse,2
"naona klabu wameincrease pricing ya food , tough tines ",2
say yes please,2
"secret_vixen1 secret_stag needs work, no.... ...needs some colour, yes",2
"chill guys, it's on the 12th",3
biggest south indian release in uae gcc 1. #radheshyam 162 2. #bheeshmaparvam- 158 3. #marakkar 157 4. #valimai - 154 5. #aaraattu - 142 6. #vakeelsaab - 138 7. #kurup - 124 8. #darbar - 113 9. #master - 111 10. #one - 111 #prabhas ,3
adriaan13306188 i'll be waiting for you,3
amandajanewd sofiedoubleu he probably would have started asking for money. just to tie him over until the next smash hit movie of course.,3
sell now cry later #xrp #ripple ,3
bair_head cruk_bi bairbeatson the sso position looks awesome,3
legalpeaker couldn't agree more ! drop dead gorgeous,3
ahens711 poetry,3
amer1can_barbie probably need the cream cheese to put the out.,3
to be born on such an amazing day happy international women's day ,3
justapein cradlesio check this out boss tyisart,3
"as part of international women's day, we celebrate the achievements that women have made across sfrs. there are many reasons to consider a career with us, and here's 5 to think about from our all female pump crew in campbeltown #iwd22 #breakthebias #youaresfrs ",3
rap_shadyy thanks!,3
thumbs to the new wwe 2k22 game #wwe #wwe2k22 #wwe2k wwegames ,3
"ouzielle juliee, thank you so much! maaf baru diving.",3
my first race of moantiquenft's go follow her for scholarships!! ,3
staticbrawlerz hes making so many friends already and hes not even fully born yet holy shit,3
lol wouldn't have been complete without the final paragraph,3
alreadydeadtpne could listen to this album every day,3
sureshro45 actorvijay anna,3
not that wrong now ehh tobesolisax canyonmoonblu ,3
icymi here is the space about subaru boys: final heaven that set the tl on . cruelsantino's 2nd studio album ,3
furrincrypto punch_club_nft donebismillah win today,3
600 like for 1k vbuck. please like ,3
good morning #xape fam! we had a very productive ama session yesterday and the summary is pinned in pur telegram chat! this week is going to get better by each day so make sure you are with us to benefit from it! may we all achieve financial freedom!,3
akanaasuma massive w,3
why is this making me think in so many aspect? if he isn't the most hottest man that i've ever seen. # # #choihyunsuk treasuremembers ,3
"kiinyaachan thank you!! was tempted to use my siero ticket for him, but gladly i didn't have to",3
takin my ass back to sleep onnat note,3
omah lay x fireboy dml on this track will be like : x ,3
"rating send me your dick, ass, feet, face or body. i'll rate! #horny #dickrate #cumtribute #cocktribute #whore #boobs #pussy #nsfw #sex #slut #ass #dick #sexchat #trade #cock #fuck #nude #naked #nudes #cockrate #pussy #teen #sexting #porn #dm #teen #dickrate #bigdick",3
woaaaah my fave 4th gen main dancer,3
arefehnorouzii very nice,3
300 retweets possible for handsome megastar #akshaykumar and gorgeous pairing with #kritisanon #bachchhanpaandey  ,3
#valimai tn box office flies past 150 cr mark. week 1 - 133.47 cr week 2 day 1 - 3.42 cr day 2 - 3.60 cr day 3 - 4.15 cr day 4 - 5.03 cr day 5 - 0.81 cr total - 150.48 cr #ak61 #ajithkumar,3
shybloggerpr amazing!,3
2.6 stream should be next week since its usually 2 weeks before the ver ends right? :') gotta know the rerun banners alr pls :'),3
epic work team pushasofficial,3
"168,492 $ worth of $comp market bought on binance at 104.70 $.",3
prjkt52 looks cool,3
"ojeey_ jaynaijablog my wife y'all , happy international women's day my love.",3
essence has now spent a total of 34 weeks on the bb hot 100. it hold the record of the longest charting african song of all time. it was the first african song to earn platinum certification & the first afrobeats song to debut & cracked top 10 on the bb hot 100...solid,3
wf_jamesbr0wn normally person no supposed 2 dey hate on dis guy cuz dis guy dey crank person up,3
fanplus ahgases may birthday poll on fanplus is now up! let's vote for bambam! let's go! let's get it! #bambam # bambam1a #got7 # got7official ,3
amiscreantmind indeed,3
edeoghenekevwe daddys_girltn a brand that respect and cherish women is a brand everyone should prioritize.,3
no wire no light it's chibuzee! dj consequence in the building,3
lausi_we don't cry,3
furrincrypto donebismillah win today ,3
saddinnie with video + you'll post it here?,3
bokammandala here is mine ,3
mikaniess this fit is actually,3
"puffy2992 madhuridixit , but sid and md is",3
my team its fire seriously,3
diamond baepe #1506 has been purchased on magiceden (v2)! this fine piece sold for 16.0 sol (that's $1352.96 usd!!) #newpfp ,3
socialistgal_7 just wow,3
jamalsomali gigi_faiza alinurmohamed_ honkabogo so alinurmohamed_ is not kenyan by your arguement...then let him vie in somali not kenya!,3
sleep find me,3
iyawothickabody beautiful u sis,3
thembinkosi lorch confirms his the father of natasha thahane's unborn child  #natasha #lorch,3
lennaleprena i sent you some tweets!,3
"'if given even half a chance, even the road man down the block will try to police your flavour. never believe the hype. once again, the world is more fun with you in it. and it's infinitely sexier, too, so you better get in where you fit in.' iamdiriyeosman",3
scrapofaheart vampires are def top tier,3
justt_gin you know what? i should probably try and do that!!!!!,3
"wonderful project, this project is very good and this project has a lot of attractions, so hopefully the project will be better in the future and the cryptocurrency will be the best msasmal4 sahoo0922 sugeng2910 #parabola $prb",3
shine bright like a diamond,3
backfire,3
oceanland airdrop campaign  elonmusk jack saylor,3
"fr, haruto looks so fine these days.",3
solboyz playaznft stoked for this! finally something new and real. you've outdone yourself solboyz,3
"youconte1 lowkey need to dial down the mcr vibes just a little and riddler was dece but i reckon dano could've done more, sequel with jp joker and then we're talking",3
thatskunle freeeesh,3
monday we put some cash in everyone's pockets hitting both our #nba & #nhl picks. sc/smc u141 phi -5.5 edm/cal u6.5 we had 4 pts of clv on the game we lost too. nice being on the right side regardless of outcome. 354-218-17 #gamblingtwitter #sportspicks ,3
super bullish on this one $xircus,3
777wh0r she's pretty,3
only4kalyan ramkonidelafan alwaysramcharan yes bro aa link ma mohana padey bro,3
ladyjay4love fine gel that refuses to gimme her number,3
shahroozhashemi thank,3
oh bring your salt bring your cigarette draw me a circle and i'll protect ,3
lovely content promote it on our ig 5million+ networks direct message us ,3
really loved the song this film is gonna be a masterpiece and the songs will be forever remembered for sure #mainishqmeinhoonoutnow ,3
s_s_crickfam observation,3
"so this one has my heart for reaaaalll cozzzz,i designed it for my sister's wedding she loved it but she dumped it by saying ""way to modern for my in-laws"" ",3
kitashns hope she's okay now <33,3
it's a movement.. xrp! ,3
hwanniepromotes compbroscrypto thanks for the chance ,3
positive energy,3
love it,3
arnazhathiram aaag hi aaag! ,3
grazergroves to be fair you gotta go ask the target demographic like the warm bodies bitches or something. i'm the opposite end of the spectrum,3
this is just a beginning now it's tym for something big & massive maas rampage #sarkaruvaaripaata urstrulymahesh ,3
bheka_shabalala eat a fruit pls!,3
stacydimple break that big back,3
bitgetglobal burning every day #babytk #babytking babytking ..,3
checked my wallet and found this awesome fantompills. love the colors. ,3
"rt bye-good-bye mv 200ydk  be:first / gifted. / brave generation / bye-good-bye listening to #befirst's songs, like #gifted, #bravegeneration and #byegoodbye is a huge part of my life!",3
how can they evacuate any city when the ukraine is winning huh u ever though of that? no u only think of yourself.,3
im turning into pieces,3
stiffrafi nfanftio join here everyone,3
"yass, fighting jennie girls jennie pour chanel #jenniexchanelfw22 chanel blackpink",3
#stormzy week today newcastle arena! xxx,3
arasskurt bilalalyar ferdaboran fkelite3409 dgofret oceanland airdrop campaign ,3
"david_mancborn i wouldn't blame lindelof cos he was the only one marking foden, kelvin and grealish....the man got really tired. fred, mac tominay, elanga, maguire, wan bisaka, rashord and co should all go....david de gea has suffered alot...only if they could adapt to his mindset.",3
claudia_cloudss faith,3
shop always open guys ,3
able91642248 here is mine ,3
beauty in black #surbhichandna ,3
let's talk a bit about service on sunday! most of us are yet to recover from that day. quote this post with what stood out for you on sunday. #cciportharcourt ,3
and we back #topofthemorningspace,3
yeshhhhh haters stay mad,3
serova_iva thank you,3
firstsmart4 rdprice terareum drramananaidu oren_whale terareum on fire,3
pandapunknft amazing milestones! congratulations. #1 supporter ,3
enjoy your new age serwaa. more love keep making ghana proud,3
mohammad4023 bavugar wonderful collection,3
happy international women's day! sharing a favourite anecdote below may we never overlook or undervalue women's contributions #iwd2022 #breakthebias ,3
nickymercs what soulja slim said ? that outside dicc keep them hoes sicc,3
finally have a kaymad x oblitey song,3
okay ,3
#nfts #nftcollection as i mint #cryptosmostwanted rnd 1 rnd 2 is under construction. ,3
scrapofaheart i listen to iicf almost every day!!,3
now that's roman reigns ,3
chest burning,3
btslockdownonly i still get goosebumps everytime i watch this,4
she's being a real lapcat...rumbly purr ,4
theriseofbts7 right! can't marry during cb.,4
girlbossraf same it's so soothing isn't it !!,4
xanozichimonji basically this ,4
zeleifh oh man,4
really glad so many new people are joining in on wolship week it's been so fun to do these past couple years and i'm so glad there's other ppl who love their oc ship just as much as wolnpc,4
#thechallenge make more season available on netflix please thechallengemtv ,4
yeontanluna btwitsarisha please add mee,4
prachet55 what,4
"there is no limit to what we, as women, can accomplish. michelle obama happy women's day ",4
"ninomaeinanis nice, we getting karaoke, a doodling stream, a collab, and of course more elden ring. this is going to be a good week. thank you for the schedule ina.",4
"maryminifie mireille_pouget jk_rowling pennyred bindelj guardian ha, you had me there for a wee second.",4
_biancam_7 he is so cute,4
"paldogangsan13 #happywomensday thank you and same to you too dibhai ""go crazy and win everything""",4
rnatweets katiefforde jo_thomas01 i love this! congratulations everyone! #respectromfic,4
astro_staff it looks so elegantthis is cool #moonbin_sanha_who #refuge #moonbin_sanha,4
v_babyzakia ughhh don't remind hybe interns are getting more smarter nowadays,4
hobihappiness_ sole,4
bettsop i love you too :),4
josephdozi1 my bro,4
1oqk4frbzfgdwaf kwon9866 jinh16078344 just_bts_army_7 army_soo_bts _king_btsarmy tsuny80 army_bts_me bts_twt bts i always listen to record breaking song #bts_butter #bts bts_twt,4
hayeni0523 bunbunb36516028 00kkang bts_twt jin best soloist listening to beautiful ost #yours_jin and worldwide trending dance song #supertuna_jin by #jin #btsjin bts_twt,4
ardhiraputra blobyblo realmithrajin tukutz81 always respect,4
therealhippo1 i think it is twinkle twinkle little star,4
"everyone, let's follow taehyung",4
cell___ bts_twt listen to the #christmastree by #btsv bts_twt #v,4
#cloutians #womensday women's cannot be common because every women is special because when it comes to women's she is not an ordinary homosepian living in this world doing a stuff . ,4
itslegasly pretty bestie,4
humanoidia objktcom thank you so much!!,4
happy international women's day! #internationalwomensday ,4
"international women's day and the irish times writes another shit piece on the women's council. this isn't just criticism, it's relentless.",4
"acegentle not a shop, but i'm open for photography commissions and digital photography reparation and coloring commissions in spain (i don't really know how to make invoices to other counties, sorry) ",4
prctiu gnarhost wish me luck,4
kthv_twt_bts_ me too!,4
sykenchanted its giving lillee jean,4
sharing -,4
richie_rich77 i hear scotland's lovely in the summer.,4
regardless of anything i know these two like eachother....even if they're not friends my boys #bbmzansi,4
sarahshdn happy #internationalwomensday,4
kookjinnieslove bts_twt yours truly super tuna listening to best ost of 2021 #yours_jin and best gift #supertuna_jin by #btsjin #jin of bts_twt as my trending song,4
vtrendsongs bts_twt 53/ 100 let's do it v billboard domination i'm currently listening to #v_christmastree #christmastree by #v the main ost of the korean drama 'our beloved summer bts_twt,4
fav_installer you forget to hide the name again sha,4
i hope the ceiling flls on you when you sleep tonight,4
happy #internationalwomensday to our wonderful female followers! may your powerful girls' squad be even more awesome than them (below) ,4
btw lrt is referring to goldentot,4
"i've posted a new blog on my buddhism blog, have a read at the link below! ",4
agentvetteloo5 hello queen,4
letterfrommetou black i think jennie pour chanel #jenniexchanelfw22,4
1oqk4frbzfgdwaf kwon9866 jinh16078344 just_bts_army_7 army_soo_bts _king_btsarmy tsuny80 army_bts_me bts_twt bts i always listen to record breaking song #bts_butter #bts bts_twt,4
doneford i feel for you.,4
bigeyedestelle sh. how?,4
"thank you everyone for hanging out tonight!!! you guys are amazing! tank4real thank you for the raid, loving the support hope everyone has an amazing night!",4
every time his following count goes up so does my blood pressure,4
chels_monique who is the 5th person?,4
thank you,4
"for #internationalwomensday2022, saluting women who stand up to tyrants. in #afghanistan, #myanmar, #russia, #syria, #ukraine, #yemen. anywhere. #iwd2022 ",4
slh44goat96 thank you aaron,4
deasempa true bro,4
mahalima_2019 sb19official 433. push: exert force on somebody/ something to move them away. sb19official #stanworld #sb19 #westanlove #westanpeace #bazinga_sb19 is my hype song!,4
what if i get chaehyun x chebul x billlie interaction later,4
wordle (es) #61 1/6 ,4
thank you to the armys who brought this to my timeline before yoongi's birthday cos i was not aware! wow jk. editing like this for the fun of it. for suga hyung here's the yt link woth the translations ,4
irukandjiworld rriomeister quickienft nephetsallowed rriomeister !yosh,4
atokwamina_ jeebarkers tipeurope congratulations to our wifey ato do the needful,4
happy iwd ladies! shine on ,4
lewishamstring i love you so glad you're back,4
"happy international women's day to all of us queens, to every woman of any kind and any race and anywhere ! i love y'all women ! #internationalwomensday",4
"mark1957 thank you for your support, #womenwontwheest #menwontwheesttoo",4
she a little spicy i'm not suppose to tell nobody,4
_r0yart happy womens day roya,4
magic899 jungkook i'm listening to #stayalive by #jungkook and produced by #suga ( bts_twt ),4
"dazzler07317507 jen_johnson_x3 it was sent with it's actually one of the first jokes i remember as a kid. one of the greatest attributes is to laugh at yourself and in my experience the irish are the best at it, certainly better than we do!!!",4
vtrendsongs bts_twt 52/100 continue mentioning ct v billboard domination i'm currently listening to #v_christmastree #christmastree by #v the main ost of the korean drama 'our beloved summer bts_twt,4
emmabatemangpw excellent. all these misogynist hate groups need to be dealt with. male supremacy must end.,4
happy international women's day 2022 to all my amazing female colleagues voyageep and beyond and all the fabulous women i am lucky to call my friends. and always the incredible force of nature that is erinhadleyyy #iwd2022 #breakingthebias #keeptakingupspace ,4
chiminpark1013 bts_twt hype stay alive listen to #stayalive by #jungkook and prod. by #suga of #bts (bts_twt) chart topping ost!,4
xganyunn ooh have fun!! and alrightyy,4
"hashem_sharifa lovely photo, good to hear you are on the right side of covid",4
protonroad redneckaliens agameofdragons done,4
shout out to womens day fr!,4
trying to just rap my head around all this shit,4
btslovern1 so cute,4
bts_twt_mlnsuga good,4
well atleast there's a purple heart ,4
gkhosts done,4
peachylover7 use snapchat filters lmaoooo,4
"femmescarlet bindelj no, just don't look at men's bits, that's what i do.",4
"if you need a nice distraction from what is happening in the world right now, join me while discussing the evolving structure of people teams and innovation in people and hr tech along with jmajorg and mejoris on march 23rd at 6pm utc sign up here  ",4
alpoqite33 thanks,4
bury me in this moment #donbelle ,4
mailuvss_ done,4
michael76044632 good morning dear michael ,4
"#happyinternationalwomensday to all the women out there... throughout my life, the strongest people i have been surrounded by, are women, and so i appreciate y'all",4
"scherazadems happy #internationalwomensday, mbak ade",4
wine_yusuke fighting babe,4
shu_yamino omg so cute im crying,4
"divine feminine is not only based on gender. it's a feminine energy present in all creation of the cosmos. it is the mother of all, it yields, nurtures and strengthens you. it is also kind, gracious and powerful. embrace your divine feminine energy to bind to your goddess self",4
yoongi birthday live tonight,4
taehyunghere_ fighting sal,4
2.6 stream should be next week since its usually 2 weeks before the ver ends right? :') gotta know the rerun banners alr pls :'),4
chronicleflask what about confectionary/confectionery?,4
less than 10k more!!!! 600k lezgo!!!!!,4
"happy international women's day ""feminism isn't about making women strong. women are already strong. it's about changing the way the world perceives that strength"" - g.d anderson ",4
just done our annual re certification on benevity for those working for companies that use this giving platform.,4
"joegarra61 discoball2000 martinfoleymp georgiecrozier i teach prep to year six. (visual arts). i will never get used to seeing half of the students i teach, in masks. i encourage mask breaks, but some kids are reluctant because they've been told by other adults to keep them on. i respect this, but it really upsets me.",4
averyhatestwt a rare no-yellows run.,4
"kiimvtae_ bts_twt i sleep well, so that you are more active in the morning, i wish you a good sleep, i love you so hard ",4
"social issues like homophobia and transphobia are the things that are the most amplified by analog. people who live with digital technology tend to lose these phobias. if we want minority oppression to stop, everything needs to upgrade to digital.",4
"moonlit_witch00 i'll never be tired of you beautiful. you're amazing, we all love you so so much",4
i agree death threats way to far not even funny.,4
i need to hear young forever live ,4
naomoon12btsjin bts_twt listening to #bts_butter the best selling song of 2021 #bts bts_twt,4
me getting mad at 13-14 years old kids for being on twitter even tho i joined it myself when i was 14 ps. atleast i was mature enough to not act like *nibbi* then. but a few stans need to know what their limits are,4
bangdilfs marktuan bts_twt i'm referring to you,4
yeonmot_bts joytothebts yookidays magicshop_young bts_twt i always listen to record breaking song #bts_butter #bts bts_twt,4
wordle (es) #61 6/6 ,4
"and now to try and sleep, again x.x",4
introabyss thank you so much i vote for #butter as this year's #bestmusicvideo at the #iheartawards 2022 bts_twt ,4
i exist i exist i exist in my ass,4
bromashii aaa thank u,4
#bitcoin chart update. #chilltrader #trader #trading ,5
"borokinniquadri follow all who likes and retweets this , ,",5
"borokinniquadri small account matters. let's grow together!!! borokinniquadri,",5
sarahswarey she has worked herself to be where she is.... hard-working woman everyday happi women's day buddy,5
"[insert text] though you're not perfect, you're a limited edition lego. do you! do you! listen to #doyou_rm by #rm of bts_twt",5
"i heard this song and found it so peaceful i just loved it. i am listening it on the loop and they look so pretty together pooja hegde and prabhas in the video, go check it out i am sure you also will love it. #mainishqmeinhoonoutnow ",5
"mrboroks99 follow mrboroks99 and turn on notifs to gain ,",5
hed07 takip,5
stealthqe4 tiredfornow plus these mother fuckers love to put out fake numbers,5
happy international women's day buat semua moots perempuanku! y'all are the strongest women in the world,5
poisonwinekiss mmmm yeah tight af,5
aurangk_khan instantinstant folowback,5
kevweasagba same here blood,5
mmajunkie thugnastymma with a 15-fight winning streak. my oh my! rock on thug nasty!,5
"happy mother's day to my mum and all mothers out there . i love you all, you all are special ",5
lol i used to say i don't like flowers and now i'll cry if i ever be surprised with some,5
we need new baddies,5
love and happiness i wish these words would cheered up every hardworking women today.,5
realtuckfrumper jesus saves ,5
"sanc_sa chrisexcel102 never these people will leave you in jail, can't be trusted",5
definitely good to review before tax szn's over,5
when thinkin abt a girl i jus be like what would future do? solves my problem right away,5
"creampiepharaoh it's all good man, you on da come up fr",5
my love,5
whitman_mark nice,5
get familiar,5
live your life now because when it's over you want even know its over,5
dryaks fact,5
afficasm 100 %follow back milga,5
its misogyny monday,5
"to all the women struggling in a male dominated space, happy women's day to all the women who are actualizing their dreams, happy women's day to all the women who are trying to unlock their potentials, happy women's day",5
"casabee2 but recently ehn, ikorodu been quite except garage omo! guys for that garage dey steal to earn a living",5
$cei mannn i have 5k$ to toss in just scared already have 10 in grrrrr,5
[accesstrade summit 2022] early bird offer register now and get a free entry by using the code 'ats2022free' during registration! *only available for registrations up to 9th march 2022. ,5
henokcrypto all positive things here ,5
"if you live for people's acceptance, you will die from their rejection.",5
"enjoy women love, god gives true love and also some men. i am legend - million roses - eng sub  lahteesta youtube",5
run it straight tthugsnft,5
l_illumin_aline i totally agree wish you a fantastic day,5
storycartu nimbangsoon hey stop spreding false accusation,5
natasha's babe must be called million thahane.. by fire by force.. soze klk natasha,5
"myalternative27 so chukchakera ka pala mi for today's video pero ha, slayin it, queen!",5
bingbongbinggg hey hun dm,5
dannycrypt dannys 100k soon congratulations first maybe you could do a little giveaway for me this deep has killed me,5
"""don't live in fear of the future. ... put your life and your future into god's hands.""",5
theindiangamerd that's pure indigenous ordinance %,5
i officially left thedfclan sorry boys failed y'all wit our leader mr powergotnow it's coo tho we finna bounce back no fake shi over here,5
bossolamilekan1 green morning e go be back to back more wins,5
wf_jamesbr0wn normally person no supposed 2 dey hate on dis guy cuz dis guy dey crank person up,5
to all the beautiful women out there. you guys rock! ,5
i gotta bag her,5
fuck a handout. get it how you live,5
"[insert text] though you're not perfect, you're a limited edition lego. do you! do you! listen to #doyou_rm by #rm of bts_twt",5
"the_deshboard2 happy birthday to my rival sandesh! can't believe you're about to bag 100+pts this gw. i'm sick. haha, hope you have a great one, my dood!",5
jhenifa_ true,5
liverpool and bayern,5
ashwaryajethi courageousladka yeah let's be a generation that changed everything,5
"worth adding to this that nobody would have to ask: ""is it worth finding out?"" if it wasn't so time-consuming &/or expensive",5
and 1 plus,5
"moondust_36 thanknyou so much moon ,",5
marienangendo i want,5
mahakal_k_bhakt myogiadityanath true,5
job seekers please hurry and visit my pinned tweet,5
plug_pussy massive gain,5
sjoramasters rafael52799933 _adrivictorinno charlypool222 barbienana77 marcosf66306973 bipinsi45310195 fuujiiyade_0403 siempremiriamh eu_tata_san alenkah37 _lara_hussein michele97777714 nadiamancia37 min7a8888 eotirolf esen_342 thanks again for including me happy tuesday friends ,5
plug_pussy massive gain,5
baleseng_j_more true that,5
1st test match day-5 again runs partnership between champ #imam 50* (99) & #shafique 47* (112) well played #pakvaus #ausvpak #cricket #boysreadyhain #pakistancricket #pakistanzindabad #cwc22,5
logically_jc jesus saves ,5
my dealer says he got my order ready ,5
checked my wallet and found this awesome fantompills. love the colors. ,5
thegothicyogini mistakes are proof that you are trying when many are afraid to even attempt ,5
_laurencurrie_ is the founder of upfront & she's on a mission to change confidence in women we discuss how we can wipe out the mistakes of the past and start on a clean slate (episode 45) ,5
thismorning so sad but i totally understand and agree with you 100 percent,5
this thread and the batman interrogation scene is up here as well!,5
aswangtribe !pray,5
karmadracarys yay!! congratulations,5
enjoy your new age serwaa. more love keep making ghana proud,5
scottleowarrior done brother ,5
letterswaddled gmgm cosmo,5
you can sell your instrumentals to movies and video games also. think bigger,5
goldeloxd drop the pen,5
kmanalysis i pray it booms goodluck,5
"i ain't do bo hating , i was waiting patiently to get it",5
hayaku14 eijuncheeks well damn stepbrothers au is,5
leaveabiralone gotta be my fav gender,5
youngbrad305 sierra29_ bro you keep it i never thought someone knew this,5
see this what i be talking about. who gives af about likesfuck these mfs. half of em be hating anyway,5
home coming,5
can't give my heart to nobody tf on bro,5
love,5
darko_fx bro had a nice buy ,5
looove this omg,5
talal qureshi (talalqureshi) is a vibe catchiest track from #cokestudioseason14 ,5
"anlugbua_ibadan happy anniversary mogaji wa, greater you sir",5
atrupar jesus saves ,5
next up!! nephew tyty #ebc2022 #kingofthecourt ,5
no doubt about it,5
rianwatsons stableronaldo wookie monster,5
"happy international women's day sis zen_firee & _peaceikechukwu and to all the women in my life, right here right now, i love you #happyinternationalwomensday #happyinternationalwomensday ",5
sorry i can't be friendly with y'all hoes i'm only friendly with my bitch & her pussy i'm trying warn you,5
"our world would mean nothing without women. being a woman itself is a superpower. to all the incredible women in the world, shine on, not just today but every single day. happy international women's day. #internationalwomensday2022 #woman ",5
"i rather not miss you, i rather not worry bout u",5
bhp - aaliyah - hot like fire (timbaland's groove mix),5
exactly please let's respect each other ,5
exactly ,5
my babe just made +12.5% in one month! real money. she got that next level mindset,5
"michizzlem yep, we're heading there",5
every time,5
agabapison97 anthoxyllb1 baeine1 what,5
"their precious reactions when they were told that: ""among active idol groups, #treasure has the most potential of becoming a household idol group by gaining popularity over both sex and all age groups"" no lies detected treasuremembers ",5
gotta stay pure out here that's how u last,5
mykemanillamng is the answer as far as umuahia is concerned #mykemanilla,5
god gots me on this rough path but it's for the greater good,5
"spent 4 days in mountains of minnesota dogsledding, snow-shoeing and building brotherhood with some dope black men. highly recommended ",5
spunky_niga true,5
jessica__lynn_ agreed !,5
247sharwama ruddeyyy is god wizkid?,5
my top 5 my 2 million my queen my love my terry #terrytreasure ,5
that's love,5
once i leave my job i'm not working nomo. i'm dream chasin,5
"on sign out day : ""done and dusted, i finally made it. i came, i saw and i conquered."" a few moments later, result come out, you con dey find lecturer's office. done and dusted don remain small dust liadis.. #oautwitter || #cruise || #oau || asuu || asiwaju ",5
$cei bring on them 300 dollar barrels of oil putin. i dare ya. i'll ride a horse i live in oklahoma lol...,5
sumbalinaaa yup plz,5
"frostyveldskoen lucky you, and what a brilliant capture! have a great tuesday, dave!",5
it's easier to take than to give,5
i love you bbe,5
datchuguy allow him to finish this thread now e sure me say na me go dey number 8 or 9 base on say i borrow 2k run some stuff na why my networth drop small,5
tinyspore_ deserved,5
"airdrop365team this is awesome news,",5
#womenempowermenthappy women's day #womensday don't forget to show world how powerful u are #happywomensday2022 #internationalwomensday2022 #iwd2022 #8march #womenempowerment  ,5
these hard ,5
erensuglybrows i think twitter's telling u that i'm right and u should shut up,5
"i need a responsible, honest and loyal sugar baby to get spoiled asap",5
khairulamirin7 ammarfrs the tradesmen,5
"postup_bbb over video games,naw not me, not my style ",5
"arifhameed15 shut ur dabba journalism i don't understand how uneducated dangerously ignorant is our journalists & politicians how immature pm imrankhanpti will not give up because pm success is pakistan's success for pakistan victory, defeat of corrupts inevitable",5
only_prima1 to see you,5
normornstein jesus saves ,5
this 5'8 corner got power - ,5
marhabadefi good acebuup illtalmen yuneunjung #mrhb #lbank,5
atm eating pizza while playing twice playlist,5
and or b dependn on folks fr,5
nnaki758 theshaderoom tvonetv rightjust like her mama,5
iaponomarenko let's collaborate work together i like the way you speak and i back it a fucking percent,5
coach_earl_ thank you my brother,5
maccoy50 jojonitq word,5
anywaysofar this minhyuk from this offline fansign,5
shandatyson3 aha it's there day,5
blackorbitalart suzankeizer spiral ,5
vatan_fedaisi_ oliverthewitnes robert_nsz_ second11114 patrici25038019 claudimotiva starlilly_ germn_jj pollylhughes1 yvidalaqui2 chirping_magpie patriarub_negra newcarlonet mariaefs01 moisesrtorrens alaayous3 aborawan8886 yelarvel widzdj riccamovie romantica_sanem producer9oh coolseabreez_22 patriotwayne711 learockerita carla_t_92 _11_111_11 vatan_fedaisi_ 8sssv z8vvv qqo_6 5slls5 arw2u 15g__ n9z il6t1 1l7l_ 5ee__ s0su_ yt5_er 1bahi1 trgo_11 hrp__5 999n9 sul6fan mns__5 sahara_ii raraama2 80watani mit_raly0z #dinastiamilenials ,5
self -care z how u regain ur strength ,5
i used all my votes for #mphowabadimo used my mom's phone to vote for #thato and my sister's phone for #gash1 angifuni mistake all my faves got a clipper!,5
"wrongful convictions: last week tonight with john oliver (hbo)  via youtube iamjohnoliver well said, sir. every bit, down to the tiny golden gavel. this (laws, not gavel- but ) i obtained my paralegal certificate. ppl deserve better.",5
kanyeseuphemism stabil,5
"thower92 gotpickup ime ""nice guys"" are stingy and machiavellian when they interact with other guys. women are right about them.",5
yusufib16278193 snehqueenbee god bless you og,5
"hardeep_matharu knew from the very start of her career that she wanted to inform people of the truth as editor of bylinetimes, she appreciates the very important role she plays in shaping the views of our society (episode 39) ",5
absolutely,5
soh928364 omg that looks so stylish n comfy!,5
cindy_blog 1xbetilya thelocktips mrgenius_tips ekitipikin i pray it booms goodluck,5
"exeggcute % boosted cp: 1091 level: 35 penndel 40.092619,-74.928047 #hundo #shundo for more coords follow pogohubofficial",5
"exeggcute % boosted cp: 1091 level: 35 penndel 40.092619,-74.928047 #hundo #shundo for more coords join us on discord see pinned link",5
reprogramcoach always,5
this is,5
boygeorge mcdonald's,5
___mhsncwdr1065 amin,5
we celebrate all the gorgeous women out there. check out our packages of flour  ,5
tripping over shit is not gonna make a mf change,5
but is it too late?,5
"speaker : being rich is not about wot u've in ur bank account, it's about wot u have in ur heart. savage : pls don't ever motivate us ever again. dis one choke o",5
inspiration song  i am your inspiration #reggaeindonesia #musicians #peacefull,5
norsarchive i got u this ratio,5
thank you,5
trill maneee get w me squad,5
"passiemorgan mpumiln olerato007 it's bad, the gears must rest put the car on neutral wena girl",5
_joyeusement_ dm and get spoiled asap,5
love this club #nffc,5
"""man forgets that the world is a circle what you do to others returns to your .. don't think you can avoid your punishment "" #alwaysbekind ",5
gotta do it for all the nights when u only had u,5
daee2020 thank you sir.,5
mahadev2708 mention any angel priya,5
... it definitely makes things less stressful.,5
_reeki dm and get spoiled asap,5
open tf won rate 11.88 fee 4.000 cv won & tf won send tf won va (virtual account) co all web kr 12.4 fee 5.000 12.15 fee 9.000 trusted dm/wa  kkt  tags open jasa tf transfer won krw rate co web kr,5
dzaaaaamn! just figured i'd be a perfect boyfriend if i was not born a girl,5
we own your mornings!!! : calm down ~ heisrema | #topuptuesday on #breakfastinthecity with chiweteonyema x bybisasa #number1lifestylestation #internationalwomensday2022 #maskup,5
so finally made it to diamond for the first time on pc apex. can defo say its a whole lot harder than console so feels like an achievement for me %,5
the only year you can argue davido had a better year than wizkid since he came to the music scene was 2017 and at that big wiz still had come closer (the most certified and charted song then) 10 years in the game big wiz been bodying the fraud year in year out,5
coltheman1 fungichocolate absolutely,5
you remained solid that's all that matters,5
"you're in his dm's, i'm at rock bottom. we are not the same",5
ademiici you ademi,5
stop fckin wimmie if you makin another mf feel the same way,5
y'all won that shit,5
please kindly retweet the thread of job vacancies on my pinned tweet please,5
jihoonisanaegi dm and get spoiled asap,5
lex_get_st0ned facts! that remix to like wow! pusha jada ye big sean n 2 chainz absolutely turnt the f up with those lyrics,5
